Channel ID,Year,Date,Day,Start Time,Duration,Programme,Programme(en),Episode #,Episode Title
FoxHD,2013,12.30,一,00:00,,韓國人氣歌謠K-pop Countdown174 (RP)<普>,,,
FoxHD,2013,12.30,一,01:30,,赤腳的朋友們Barefooted Friends11 (RP)<普>,,,
FoxHD,2013,12.30,一,03:00,,普普風Pop Zone<輔>,,,
FoxHD,2013,12.30,一,05:00,,幸福第三號出口Three Exits to Love13<普>Idol Show S3315 (RP)<普>,,,
FoxHD,2013,12.30,一,06:00,,名偵探柯南Detective Conan 322 (RP)<普>,,,
FoxHD,2013,12.30,一,06:30,,名偵探柯南Detective Conan 424 (RP)<普>,,,
FoxHD,2013,12.30,一,07:00,,韓國人氣歌謠K-pop Countdown165 (RP) <普>,,,
FoxHD,2013,12.30,一,08:00,,普普風Pop Zone<護>,,,
FoxHD,2013,12.30,一,10:00,,赤腳的朋友們Barefooted Friends 11 (RP)<普>,,,
FoxHD,2013,12.30,一,11:30,,韓國人氣歌謠K-pop Countdown174 (RP)<普>,,,
FoxHD,2013,12.30,一,13:00,,普普風Pop Zone,,,
FoxHD,2013,12.30,一,14:00,,新嗓門New Voices<護>,,,
FoxHD,2013,12.30,一,15:00,,赤腳的朋友們Barefooted Friends11 (RP)<普>,,,
FoxHD,2013,12.30,一,16:30,,泡菜粉絲俱樂部Kimchi Fan Club 100 (RP)<普>,,,
FoxHD,2013,12.30,一,17:00,,偶像軍團Idol Show S336 (RP)<普>,,,
FoxHD,2013,12.30,一,18:00,,名偵探柯南Detective Conan 424 (RP)<普>,,,
FoxHD,2013,12.30,一,18:30,,名偵探柯南Detective Conan 425 (RP)<普>,,,
FoxHD,2013,12.30,一,19:00,,一週偶像來報到Weekly Idol31 (RP)<普>,,,
FoxHD,2013,12.30,一,20:00,,地獄廚房Hell's Kitchen 1101<普>,,,
FoxHD,2013,12.30,一,21:00,,韓國人氣歌謠K-pop Countdown174(RP)<普>,,,
FoxHD,2013,12.30,一,22:30,,泡菜粉絲俱樂部Kimchi Fan Club 100 (RP)<普>,,,
FoxHD,2013,12.30,一,23:00,,MUSIC BANK (60分版)172<普>,,,
FoxHD,2013,12.31,二,00:00,,幸福街第三號出口Three Exits to Love14 <普>,,,
FoxHD,2013,12.31,二,01:00,,MUSIC BANK(60分版)172 (RP) <普>,,,
FoxHD,2013,12.31,二,02:00,,地獄廚房Hell's Kitchen1101 (RP)<普>,,,
FoxHD,2013,12.31,二,05:00,,幸福第三號出口Three Exits to Love14<普>,,,
FoxHD,2013,12.31,二,06:00,,名偵探柯南Detective Conan 424 (RP)<普>,,,
FoxHD,2013,12.31,二,06:30,,名偵探柯南Detective Conan 425 (RP)<普>,,,
FoxHD,2013,12.31,二,07:00,,韓國人氣歌謠K-pop Countdown166 (RP) <普>,,,
FoxHD,2013,12.31,二,10:00,,地獄廚房Hell's Kitchen 1101 (RP)<普>,,,
FoxHD,2013,12.31,二,11:00,,韓國人氣歌謠K-pop Countdown174(RP)<普>,,,
FoxHD,2013,12.31,二,12:30,,泡菜粉絲俱樂部Kimchi Fan Club 100(RP)<普>,,,
FoxHD,2013,12.31,二,13:00,,幸福街第三號出口Three Exits to Love14 (RP)<普>,,,
FoxHD,2013,12.31,二,15:00,,MUSIC BANK (60分版)172 (RP)<普>,,,
FoxHD,2013,12.31,二,16:00,,一週偶像來報到Weekly Idol30 (RP) <普>,,,
FoxHD,2013,12.31,二,17:00,,偶像軍團Idol Show S337 (RP)<普>,,,
FoxHD,2013,12.31,二,18:00,,名偵探柯南Detective Conan 425 (RP)<普>,,,
FoxHD,2013,12.31,二,18:30,,名偵探柯南Detective Conan 426 (RP)<普>,,,
FoxHD,2013,12.31,二,19:00,,一週偶像來報到Weekly Idol32 (RP)<普>,,,
FoxHD,2013,12.31,二,20:00,,地獄廚房Hell's Kitchen 1102<普>,,,
FoxHD,2013,12.31,二,21:00,,2013 Mnet亞洲音樂頒獎典禮2013 Mnet Asia Music Awards (RP)<普>,,,
FoxHD,2014,1.1,三,00:00,,2013 Mnet亞洲音樂頒獎典禮2013 Mnet Asia Music Awards (RP)<普>,,,
FoxHD,2014,1.1,三,00:30,,幸福街第三號出口Three Exits to Love15 <普>,,,
FoxHD,2014,1.1,三,01:00,,MUSIC BANK(60分版)172 (RP) <普>,,,
FoxHD,2014,1.1,三,01:30,,泡菜粉絲俱樂部Kimchi Fan Club 100 (RP)<普>,,,
FoxHD,2014,1.1,三,02:00,,地獄廚房Hell's Kitchen1102 (RP)<普>,,,
FoxHD,2014,1.1,三,05:00,,地獄廚房Hell's Kitchen1101 (RP)<普>,,,
FoxHD,2014,1.1,三,06:00,,一週偶像來報到Weekly Idol30 (RP) <普>,,,
FoxHD,2014,1.1,三,06:30,,名偵探柯南Detective Conan 425 (RP)<普>,,,
FoxHD,2014,1.1,三,07:00,,韓國人氣歌謠K-pop Countdown167 (RP) <普>,,,
FoxHD,2014,1.1,三,08:00,,2013 Mnet亞洲音樂頒獎典禮2013 Mnet Asia Music Award(RP)<普>,,,
FoxHD,2014,1.1,三,10:00,,地獄廚房Hell's Kitchen 1101 (RP)<普>,,,
FoxHD,2014,1.1,三,11:00,,韓國人氣歌謠K-pop Countdown174(RP)<普>,,,
FoxHD,2014,1.1,三,11:30,,泡菜粉絲俱樂部Kimchi Fan Club 100 (RP)<普>,,,
FoxHD,2014,1.1,三,12:00,,地獄廚房Hell's Kitchen1101 (RP)<普>,,,
FoxHD,2014,1.1,三,12:30,,泡菜粉絲俱樂部Kimchi Fan Club 100(RP)<普>,,,
FoxHD,2014,1.1,三,13:00,,幸福街第三號出口Three Exits to Love15 (RP)<普>,,,
FoxHD,2014,1.1,三,15:00,,韓國人氣歌謠K-pop Countdown167 (RP) <普>,,,
FoxHD,2014,1.1,三,16:00,,一週偶像來報到Weekly Idol31 (RP) <普>,,,
FoxHD,2014,1.1,三,17:00,,地獄廚房Hell's Kitchen1101 (RP)<普>,,,
FoxHD,2014,1.1,三,18:00,,名偵探柯南Detective Conan 426 (RP)<普>,,,
FoxHD,2014,1.1,三,18:30,,名偵探柯南Detective Conan 427 (RP)<普>,,,
FoxHD,2014,1.1,三,19:00,,功夫熊貓中文配音版Kung Fu Panda (Chi version)<普>,,,
FoxHD,2014,1.1,三,20:00,,地獄廚房Hell's Kitchen 1102<普>,,,
FoxHD,2014,1.1,三,21:00,,重返犯罪現場NCIS 10 Strip1001<護>,,,
FoxHD,2014,1.1,三,22:00,,斷頭谷Sleepy Hollow101<護>,,,
FoxHD,2014,1.1,三,23:00,,酷航K-POP獵星行動Scoot K-Pop Star Hunt305<普>,,,
FoxHD,2014,1.2,四,00:00,,幸福街第三號出口Three Exits to Love16 <普>,,,
FoxHD,2014,1.2,四,00:30,,幸福街第三號出口Three Exits to Love15 <普>,,,
FoxHD,2014,1.2,四,01:00,,酷航K-POP獵星行動Scoot K-Pop Star Hunt305 (RP)<普>,,,
FoxHD,2014,1.2,四,01:30,,泡菜粉絲俱樂部Kimchi Fan Club 100 (RP)<普>,,,
FoxHD,2014,1.2,四,02:00,,重返犯罪現場NCIS 10 Strip 1001 (RP)<護>,,,
FoxHD,2014,1.2,四,05:00,,地獄廚房Hell's Kitchen1102 (RP)<普>,,,
FoxHD,2014,1.2,四,06:00,,酷航K-POP獵星行動Scoot K-Pop Star Hunt305 (RP)<普>,,,
FoxHD,2014,1.2,四,06:30,,名偵探柯南Detective Conan 425 (RP)<普>,,,
FoxHD,2014,1.2,四,07:00,,地獄廚房Hell's Kitchen1102 (RP)<普>,,,
FoxHD,2014,1.2,四,08:00,,韓國人氣歌謠K-pop Countdown167 (RP) <普>,,,
FoxHD,2014,1.2,四,09:00,,酷航K-POP獵星行動Scoot K-Pop Star Hunt305 (RP)<普>,,,
FoxHD,2014,1.2,四,10:00,,斷頭谷Sleepy Hollow 101 (RP)<護>,,,
FoxHD,2014,1.2,四,11:00,,重返犯罪現場NCIS 10 Strip1001 (RP)<護>,,,
FoxHD,2014,1.2,四,11:30,,泡菜粉絲俱樂部Kimchi Fan Club 100 (RP)<普>,,,
FoxHD,2014,1.2,四,12:00,,地獄廚房Hell's Kitchen1102 (RP)<普>,,,
FoxHD,2014,1.2,四,12:30,,泡菜粉絲俱樂部Kimchi Fan Club 100(RP)<普>,,,
FoxHD,2014,1.2,四,13:00,,斷頭谷Sleepy Hollow 101 (RP)<護>,,,
FoxHD,2014,1.2,四,15:00,,重返犯罪現場NCIS 10 Strip1001 (RP)<護>,,,
FoxHD,2014,1.2,四,16:00,,一週偶像來報到Weekly Idol32 (RP) <普>,,,
FoxHD,2014,1.2,四,17:00,,地獄廚房Hell's Kitchen1102 (RP)<普>,,,
FoxHD,2014,1.2,四,18:00,,名偵探柯南Detective Conan 427 (RP)<普>,,,
FoxHD,2014,1.2,四,18:30,,名偵探柯南Detective Conan 428 (RP)<普>,,,
FoxHD,2014,1.2,四,19:00,,驚險20刻TOP 20 Countdown502<普>,,,
FoxHD,2014,1.2,四,20:00,,地獄廚房Hell's Kitchen 1103<普>,,,
FoxHD,2014,1.2,四,21:00,,重返犯罪現場NCIS 10 Strip1002<護>,,,
FoxHD,2014,1.2,四,22:00,,陰屍路The Walking Dead401<護>,,,
FoxHD,2014,1.2,四,23:00,,泡菜粉絲俱樂部Kimchi Fan Club 100 (RP)<普>,,,
FoxHD,2014,1.2,四,23:30,,泡菜粉絲俱樂部Kimchi Fan Club 103 <普>,,,
FoxHD,2014,1.3,五,00:00,,幸福街第三號出口Three Exits to Love17 <普>,,,
FoxHD,2014,1.3,五,00:30,,幸福街第三號出口Three Exits to Love15 <普>,,,
FoxHD,2014,1.3,五,01:00,,泡菜粉絲俱樂部Kimchi Fan Club 100(RP)<普>,,,
FoxHD,2014,1.3,五,01:30,,泡菜粉絲俱樂部Kimchi Fan Club 103(RP)<普>,,,
FoxHD,2014,1.3,五,02:00,,重返犯罪現場NCIS 10 Strip 1002 (RP)<護>,,,
FoxHD,2014,1.3,五,05:00,,地獄廚房Hell's Kitchen1103 (RP)<普>,,,
FoxHD,2014,1.3,五,06:00,,泡菜粉絲俱樂部Kimchi Fan Club 100(RP)<普>,,,
FoxHD,2014,1.3,五,06:30,,泡菜粉絲俱樂部Kimchi Fan Club 103(RP)<普>,,,
FoxHD,2014,1.3,五,07:00,,陰屍路The Walking Dead 401 (RP)<護>,,,
FoxHD,2014,1.3,五,08:00,,驚險20刻TOP 20 Countdown502 (RP)<普>,,,
FoxHD,2014,1.3,五,09:00,,泡菜粉絲俱樂部Kimchi Fan Club 100 (RP)<普>,,,
FoxHD,2014,1.3,五,09:30,,泡菜粉絲俱樂部Kimchi Fan Club 103 (RP)<普>,,,
FoxHD,2014,1.3,五,10:00,,陰屍路The Walking Dead401 (RP)<護>,,,
FoxHD,2014,1.3,五,11:00,,重返犯罪現場NCIS 10 Strip1002 (RP)<護>,,,
FoxHD,2014,1.3,五,11:30,,泡菜粉絲俱樂部Kimchi Fan Club 100 (RP)<普>,,,
FoxHD,2014,1.3,五,12:00,,地獄廚房Hell's Kitchen1103 (RP)<普>,,,
FoxHD,2014,1.3,五,12:30,,泡菜粉絲俱樂部Kimchi Fan Club 100(RP)<普>,,,
FoxHD,2014,1.3,五,13:00,,泡菜粉絲俱樂部Kimchi Fan Club 100 (RP)<普>,,,
FoxHD,2014,1.3,五,13:30,,泡菜粉絲俱樂部Kimchi Fan Club 103 (RP)<普>,,,
FoxHD,2014,1.3,五,15:00,,重返犯罪現場NCIS 10 Strip1002 (RP)<護>,,,
FoxHD,2014,1.3,五,16:00,,驚險20刻TOP 20 Countdown502 (RP)<普>,,,
FoxHD,2014,1.3,五,17:00,,地獄廚房Hell's Kitchen1103 (RP)<普>,,,
FoxHD,2014,1.3,五,18:00,,名偵探柯南Detective Conan 428 (RP)<普>,,,
FoxHD,2014,1.3,五,18:30,,名偵探柯南Detective Conan 429 (RP)<普>,,,
FoxHD,2014,1.3,五,19:00,,驚險20刻TOP 20 Countdown503<普>,,,
FoxHD,2014,1.3,五,20:00,,地獄廚房Hell's Kitchen 1104<普>,,,
FoxHD,2014,1.3,五,21:00,,Running Man119 (RP)<普>,,,
FoxHD,2014,1.3,五,22:00,,陰屍路The Walking Dead401<護>,,,
FoxHD,2014,1.3,五,23:00,,斷頭谷Sleepy Hollow101 (RP)<輔>,,,
FoxHD,2014,1.3,五,23:30,,泡菜粉絲俱樂部Kimchi Fan Club 103 <普>,,,
FoxHD,2014,1.4,六,00:00,,陰屍路The Walking Dead 401 (RP)<輔>,,,
FoxHD,2014,1.4,六,00:30,,幸福街第三號出口Three Exits to Love15 <普>,,,
FoxHD,2014,1.4,六,01:00,,MUSIC BANK (90" Version)172 (RP)<普>,,,
FoxHD,2014,1.4,六,01:30,,泡菜粉絲俱樂部Kimchi Fan Club 103(RP)<普>,,,
FoxHD,2014,1.4,六,02:00,,重返犯罪現場NCIS 10 Strip 1002 (RP)<護>,,,
FoxHD,2014,1.4,六,02:30,,泡菜粉絲俱樂部Kimchi Fan Club 103(RP)<普>,,,
FoxHD,2014,1.4,六,03:00,,韓國人氣歌謠K-pop Countdown174 (RP)<普>,,,
FoxHD,2014,1.4,六,04:00,,驚險20刻TOP 20 Countdown502 (RP)<普>,,,
FoxHD,2014,1.4,六,05:00,,普普風Pop Zone(輔),,,
FoxHD,2014,1.4,六,06:00,,普普風Pop Zone(護),,,
FoxHD,2014,1.4,六,06:30,,泡菜粉絲俱樂部Kimchi Fan Club 103(RP)<普>,,,
FoxHD,2014,1.4,六,07:00,,MUSIC BANK (60分版)172 (RP)<普>,,,
FoxHD,2014,1.4,六,08:00,,驚險20刻TOP 20 Countdown502(RP)<普>,,,
FoxHD,2014,1.4,六,09:00,,韓國人氣歌謠K-pop Countdown (90" Version)174 (RP)<普>,,,
FoxHD,2014,1.4,六,09:30,,泡菜粉絲俱樂部Kimchi Fan Club 103 (RP)<普>,,,
FoxHD,2014,1.4,六,10:00,,陰屍路The Walking Dead401 (RP)<護>,,,
FoxHD,2014,1.4,六,10:30,,泡菜粉絲俱樂部Kimchi Fan Club 100 (RP)<普>,,,
FoxHD,2014,1.4,六,11:00,,重返犯罪現場NCIS 10 Strip1001 (RP)<護>,,,
FoxHD,2014,1.4,六,11:30,,泡菜粉絲俱樂部Kimchi Fan Club 100 (RP)<普>,,,
FoxHD,2014,1.4,六,12:00,,Running Man119 (RP)<普>,,,
FoxHD,2014,1.4,六,12:30,,泡菜粉絲俱樂部Kimchi Fan Club 100(RP)<普>,,,
FoxHD,2014,1.4,六,13:00,,泡菜粉絲俱樂部Kimchi Fan Club 100 (RP)<普>,,,
FoxHD,2014,1.4,六,13:30,,泡菜粉絲俱樂部Kimchi Fan Club 103 (RP)<普>,,,
FoxHD,2014,1.4,六,14:00,,功夫熊貓中文配音版Kung Fu Panda(Chi version)(RP)<普>,,,
FoxHD,2014,1.4,六,15:00,,重返犯罪現場NCIS 10 Strip1002 (RP)<護>,,,
FoxHD,2014,1.4,六,16:00,,特別獻禮-環球東洋綜合特輯EASTERN HIT SINGERS OF UNIVERSAL MUSIC,,,
FoxHD,2014,1.4,六,16:30,,驚險20刻TOP 20 Countdown502(RP)<普>,,,
FoxHD,2014,1.4,六,17:00,,地獄廚房Hell's Kitchen1103 (RP)<普>,,,
FoxHD,2014,1.4,六,17:30,,驚險20刻TOP 20 Countdown503(RP)<普>,,,
FoxHD,2014,1.4,六,18:00,,名偵探柯南Detective Conan 428 (RP)<普>,,,
FoxHD,2014,1.4,六,18:30,,SHINee美好的一天SHINee’s One Fine06 (RP)<普>,,,
FoxHD,2014,1.4,六,19:00,,驚險20刻TOP 20 Countdown503<普>,,,
FoxHD,2014,1.4,六,19:30,,韓國人氣歌謠K-pop Countdown175<普>,,,
FoxHD,2014,1.4,六,20:00,,地獄廚房Hell's Kitchen 1104<普>,,,
FoxHD,2014,1.4,六,21:00,,Running Man121<普>,,,
FoxHD,2014,1.4,六,22:00,,陰屍路The Walking Dead401<護>,,,
FoxHD,2014,1.4,六,23:00,,辛普森家庭THE SIMPSONS 2301<護>,,,
FoxHD,2014,1.4,六,23:30,,辛普森家庭THE SIMPSONS 2302<護>,,,
FoxHD,2014,1.5,日,00:00,,斷頭谷Sleepy Hollow 101 (RP)<輔>,,,
FoxHD,2014,1.5,日,00:30,,幸福街第三號出口Three Exits to Love15 <普>,,,
FoxHD,2014,1.5,日,01:00,,Running Man121 (RP)<普>,,,
FoxHD,2014,1.5,日,01:30,,泡菜粉絲俱樂部Kimchi Fan Club 103(RP)<普>,,,
FoxHD,2014,1.5,日,02:00,,重返犯罪現場NCIS 10 Strip 1002 (RP)<護>,,,
FoxHD,2014,1.5,日,02:30,,泡菜粉絲俱樂部Kimchi Fan Club 103(RP)<普>,,,
FoxHD,2014,1.5,日,03:00,,SHINee美好的一天SHINee’s One Fine06 (RP)<普>,,,
FoxHD,2014,1.5,日,04:00,,驚險20刻TOP 20 Countdown503 (RP)<普>,,,
FoxHD,2014,1.5,日,05:00,,普普風Pop Zone(輔),,,
FoxHD,2014,1.5,日,06:00,,普普風Pop Zone(護),,,
FoxHD,2014,1.5,日,06:30,,泡菜粉絲俱樂部Kimchi Fan Club 103(RP)<普>,,,
FoxHD,2014,1.5,日,07:00,,韓國人氣歌謠K-pop Countdown175 (RP)<普>,,,
FoxHD,2014,1.5,日,08:00,,驚險20刻TOP 20 Countdown503(RP)<普>,,,
FoxHD,2014,1.5,日,09:00,,MUSIC BANK(90" Version)172 (RP)<普>,,,
FoxHD,2014,1.5,日,09:30,,泡菜粉絲俱樂部Kimchi Fan Club 103 (RP)<普>,,,
FoxHD,2014,1.5,日,10:00,,陰屍路The Walking Dead401 (RP)<護>,,,
FoxHD,2014,1.5,日,10:30,,泡菜粉絲俱樂部Kimchi Fan Club 103 (RP)<普>,,,
FoxHD,2014,1.5,日,11:00,,重返犯罪現場NCIS 10 Strip1002 (RP)<護>,,,
FoxHD,2014,1.5,日,11:30,,泡菜粉絲俱樂部Kimchi Fan Club 100 (RP)<普>,,,
FoxHD,2014,1.5,日,12:00,,Running Man121 (RP)<普>,,,
FoxHD,2014,1.5,日,12:30,,泡菜粉絲俱樂部Kimchi Fan Club 100(RP)<普>,,,
FoxHD,2014,1.5,日,13:00,,泡菜粉絲俱樂部Kimchi Fan Club 100 (RP)<普>,,,
FoxHD,2014,1.5,日,13:30,,泡菜粉絲俱樂部Kimchi Fan Club 103 (RP)<普>,,,
FoxHD,2014,1.5,日,14:00,,辛普森家庭THE SIMPSONS 2301 (RP)<護>,,,
FoxHD,2014,1.5,日,14:30,,辛普森家庭THE SIMPSONS 2302 (RP)<護>,,,
FoxHD,2014,1.5,日,15:00,,功夫熊貓中文配音版Kung Fu Panda(Chi version)(RP)<普>,,,
FoxHD,2014,1.5,日,16:00,,特別獻禮-環球東洋綜合特輯EASTERN HIT SINGERS OF UNIVERSAL MUSIC,,,
FoxHD,2014,1.5,日,16:30,,驚險20刻TOP 20 Countdown502(RP)<普>,,,
FoxHD,2014,1.5,日,17:00,,特別獻禮-凱蒂佩芮【超炫光】專輯製作花絮BEHIND THE SCENES: KATY PERRY – THE MAKING OF "PRISM"ALBUM,,,
FoxHD,2014,1.5,日,17:30,,赤腳的朋友們Barefooted Friends12<普>,,,
FoxHD,2014,1.5,日,18:00,,名偵探柯南Detective Conan 428 (RP)<普>,,,
FoxHD,2014,1.5,日,18:30,,SHINee美好的一天SHINee’s One Fine06 (RP)<普>,,,
FoxHD,2014,1.5,日,19:00,,Running Man121 (RP)<普>,,,
FoxHD,2014,1.5,日,19:30,,韓國人氣歌謠K-pop Countdown175<普>,,,
FoxHD,2014,1.5,日,20:00,,地獄廚房Hell's Kitchen 1104<普>,,,
FoxHD,2014,1.5,日,21:00,,MUSIC BANK(90" Version)173<普>,,,
FoxHD,2014,1.5,日,22:00,,陰屍路The Walking Dead401<護>,,,
FoxHD,2014,1.5,日,22:30,,泡菜粉絲俱樂部Kimchi Fan Club 103 (RP)<普>,,,
FoxHD,2014,1.5,日,23:00,,SHINee美好的一天SHINee’s One Fine 06 (RP)<普>,,,
FoxHD,2014,1.5,日,23:30,,辛普森家庭THE SIMPSONS 2302<護>,,,
FoxHD,2014,1.6,一,00:00,,MUSIC BANK (60分版)173 (RP)<普>,,,
FoxHD,2014,1.6,一,01:00,,斷頭谷Sleepy Hollow101 (RP)<輔>,,,
FoxHD,2014,1.6,一,02:00,,重返犯罪現場NCIS 10 Strip1002 (RP)<護>,,,
FoxHD,2014,1.6,一,03:00,,普普風Pop Zone<輔>,,,
FoxHD,2014,1.6,一,05:00,,地獄廚房Hell's Kitchen 1104 (RP)<普>,,,
FoxHD,2014,1.6,一,06:00,,韓國人氣歌謠K-pop Countdown175 (RP)<普>,,,
FoxHD,2014,1.6,一,07:00,,陰屍路The Walking Dead401 (RP)<護>,,,
FoxHD,2014,1.6,一,08:00,,驚險20刻TOP 20 Countdown503 (RP)<普>,,,
FoxHD,2014,1.6,一,09:00,,普普風Pop Zone<護>,,,
FoxHD,2014,1.6,一,10:00,,赤腳的朋友們Barefooted Friends12 (RP)<普>,,,
FoxHD,2014,1.6,一,11:30,,泡菜粉絲俱樂部Kimchi Fan Club 103(RP)<普>,,,
FoxHD,2014,1.6,一,12:00,,驚險20刻TOP 20 Countdown503 (RP)<普>,,,
FoxHD,2014,1.6,一,13:00,,普普風Pop Zone,,,
FoxHD,2014,1.6,一,14:00,,新嗓門New Voices<護>,,,
FoxHD,2014,1.6,一,15:00,,赤腳的朋友們Barefooted Friends12 (RP)<普>,,,
FoxHD,2014,1.6,一,16:30,,泡菜粉絲俱樂部Kimchi Fan Club 103(RP)<普>,,,
FoxHD,2014,1.6,一,17:00,,地獄廚房Hell's Kitchen1104 (RP)<普>,,,
FoxHD,2014,1.6,一,18:00,,名偵探柯南Detective Conan 429 (RP)<普>,,,
FoxHD,2014,1.6,一,18:30,,名偵探柯南Detective Conan 430 (RP)<普>,,,
FoxHD,2014,1.6,一,19:00,,驚險20刻TOP 20 Countdown504<普>,,,
FoxHD,2014,1.6,一,20:00,,地獄廚房Hell's Kitchen 1105<普>,,,
FoxHD,2014,1.6,一,21:00,,重返犯罪現場NCIS 10 Strip1003<護>,,,
FoxHD,2014,1.6,一,22:00,,殺手信徒The Following101<護>,,,
FoxHD,2014,1.6,一,23:00,,MUSIC BANK (60分版)173 (RP)<普>,,,
FoxHD,2014,1.7,二,00:00,,幸福街第三號出口Three Exits to Love18<普>,,,
FoxHD,2014,1.7,二,01:00,,MUSIC BANK (60分版)173 (RP)<普>,,,
FoxHD,2014,1.7,二,02:00,,重返犯罪現場NCIS 10 Strip1003(RP),,,
FoxHD,2014,1.7,二,05:00,,地獄廚房Hell's Kitchen 1105 (RP)<普>,,,
FoxHD,2014,1.7,二,06:00,,MUSIC BANK (60分版)173 (RP)<普>,,,
FoxHD,2014,1.7,二,07:00,,殺手信徒The Following101 (RP)<護>,,,
FoxHD,2014,1.7,二,08:00,,驚險20刻TOP 20 Countdown504 (RP)<普>,,,
FoxHD,2014,1.7,二,10:00,,殺手信徒The Following101 (RP)<護>,,,
FoxHD,2014,1.7,二,11:00,,重返犯罪現場NCIS 10 Strip1003 (RP)<護>,,,
FoxHD,2014,1.7,二,12:00,,驚險20刻TOP 20 Countdown504 (RP)<普>,,,
FoxHD,2014,1.7,二,13:00,,殺手信徒The Following101 (RP)<護>,,,
FoxHD,2014,1.7,二,15:00,,重返犯罪現場NCIS 10 Strip1003 (RP)<護>,,,
FoxHD,2014,1.7,二,16:00,,驚險20刻TOP 20 Countdown504 (RP)<普>,,,
FoxHD,2014,1.7,二,17:00,,地獄廚房Hell's Kitchen1105 (RP)<普>,,,
FoxHD,2014,1.7,二,18:00,,名偵探柯南Detective Conan 430 (RP)<普>,,,
FoxHD,2014,1.7,二,18:30,,名偵探柯南Detective Conan 431 (RP)<普>,,,
FoxHD,2014,1.7,二,19:00,,驚險20刻TOP 20 Countdown505<普>,,,
FoxHD,2014,1.7,二,20:00,,地獄廚房Hell's Kitchen 1106<普>,,,
FoxHD,2014,1.7,二,21:00,,重返犯罪現場NCIS 10 Strip1004<護>,,,
FoxHD,2014,1.7,二,22:00,,殺手信徒The Following102<護>,,,
FoxHD,2014,1.7,二,23:00,,SHINee美好的一天SHINee’s One Fine07<普>,,,
FoxHD,2014,1.8,三,00:00,,幸福街第三號出口Three Exits to Love19<普>,,,
FoxHD,2014,1.8,三,01:00,,SHINee美好的一天SHINee’s One Fine07 (RP)<普>,,,
FoxHD,2014,1.8,三,02:00,,重返犯罪現場NCIS 10 Strip1004(RP),,,
FoxHD,2014,1.8,三,05:00,,地獄廚房Hell's Kitchen 1106 (RP)<普>,,,
FoxHD,2014,1.8,三,06:00,,SHINee美好的一天SHINee’s One Fine07 (RP)<普>,,,
FoxHD,2014,1.8,三,07:00,,殺手信徒The Following102 (RP)<護>,,,
FoxHD,2014,1.8,三,08:00,,驚險20刻TOP 20 Countdown505 (RP)<普>,,,
FoxHD,2014,1.8,三,10:00,,殺手信徒The Following102 (RP)<護>,,,
FoxHD,2014,1.8,三,11:00,,重返犯罪現場NCIS 10 Strip1004 (RP)<護>,,,
FoxHD,2014,1.8,三,12:00,,驚險20刻TOP 20 Countdown505 (RP)<普>,,,
FoxHD,2014,1.8,三,13:00,,殺手信徒The Following102 (RP)<護>,,,
FoxHD,2014,1.8,三,15:00,,重返犯罪現場NCIS 10 Strip1004 (RP)<護>,,,
FoxHD,2014,1.8,三,16:00,,驚險20刻TOP 20 Countdown505 (RP)<普>,,,
FoxHD,2014,1.8,三,17:00,,地獄廚房Hell's Kitchen1106 (RP)<普>,,,
FoxHD,2014,1.8,三,18:00,,名偵探柯南Detective Conan 431 (RP)<普>,,,
FoxHD,2014,1.8,三,18:30,,名偵探柯南Detective Conan 432 (RP)<普>,,,
FoxHD,2014,1.8,三,19:00,,驚險20刻TOP 20 Countdown506<普>,,,
FoxHD,2014,1.8,三,20:00,,地獄廚房Hell's Kitchen 1107<普>,,,
FoxHD,2014,1.8,三,21:00,,重返犯罪現場NCIS 10 Strip1005<護>,,,
FoxHD,2014,1.8,三,22:00,,斷頭谷Sleepy Hollow 102<護>,,,
FoxHD,2014,1.8,三,23:00,,酷航K-POP獵星行動Scoot K-Pop Star Hunt306<普>,,,
FoxHD,2014,1.9,四,00:00,,幸福街第三號出口Three Exits to Love20<普>,,,
FoxHD,2014,1.9,四,01:00,,酷航K-POP獵星行動Scoot K-Pop Star Hunt306 (RP)<普>,,,
FoxHD,2014,1.9,四,02:00,,重返犯罪現場NCIS 10 Strip1005(RP),,,
FoxHD,2014,1.9,四,05:00,,地獄廚房Hell's Kitchen 1107 (RP)<普>,,,
FoxHD,2014,1.9,四,06:00,,酷航K-POP獵星行動Scoot K-Pop Star Hunt306 (RP)<普>,,,
FoxHD,2014,1.9,四,07:00,,斷頭谷Sleepy Hollow 102 (RP)<護>,,,
FoxHD,2014,1.9,四,08:00,,驚險20刻TOP 20 Countdown506 (RP)<普>,,,
FoxHD,2014,1.9,四,10:00,,斷頭谷Sleepy Hollow 102 (RP)<護>,,,
FoxHD,2014,1.9,四,11:00,,重返犯罪現場NCIS 10 Strip1005 (RP)<護>,,,
FoxHD,2014,1.9,四,12:00,,驚險20刻TOP 20 Countdown506 (RP)<普>,,,
FoxHD,2014,1.9,四,13:00,,斷頭谷Sleepy Hollow 102 (RP)<護>,,,
FoxHD,2014,1.9,四,15:00,,重返犯罪現場NCIS 10 Strip1005 (RP)<護>,,,
FoxHD,2014,1.9,四,16:00,,驚險20刻TOP 20 Countdown506 (RP)<普>,,,
FoxHD,2014,1.9,四,17:00,,地獄廚房Hell's Kitchen1107 (RP)<普>,,,
FoxHD,2014,1.9,四,18:00,,名偵探柯南Detective Conan 432 (RP)<普>,,,
FoxHD,2014,1.9,四,18:30,,名偵探柯南Detective Conan 433 (RP)<普>,,,
FoxHD,2014,1.9,四,19:00,,驚險20刻TOP 20 Countdown507<普>,,,
FoxHD,2014,1.9,四,20:00,,地獄廚房Hell's Kitchen 1108<普>,,,
FoxHD,2014,1.9,四,21:00,,重返犯罪現場NCIS 10 Strip1006<護>,,,
FoxHD,2014,1.9,四,22:00,,陰屍路The Walking Dead402<護>,,,
FoxHD,2014,1.9,四,23:00,,泡菜粉絲俱樂部Kimchi Fan Club 103 (RP)<普>,,,
FoxHD,2014,1.9,四,23:30,,泡菜粉絲俱樂部Kimchi Fan Club 104 <普>,,,
FoxHD,2014,1.10,五,00:00,,幸福街第三號出口Three Exits to Love21<普>,,,
FoxHD,2014,1.10,五,01:00,,泡菜粉絲俱樂部Kimchi Fan Club 103 (RP) <普>,,,
FoxHD,2014,1.10,五,01:30,,泡菜粉絲俱樂部Kimchi Fan Club 104 (RP) <普>,,,
FoxHD,2014,1.10,五,02:00,,重返犯罪現場NCIS 10 Strip1006(RP),,,
FoxHD,2014,1.10,五,05:00,,地獄廚房Hell's Kitchen 1108 (RP)<普>,,,
FoxHD,2014,1.10,五,06:00,,泡菜粉絲俱樂部Kimchi Fan Club 103 (RP) <普>,,,
FoxHD,2014,1.10,五,06:30,,泡菜粉絲俱樂部Kimchi Fan Club 104 (RP) <普>,,,
FoxHD,2014,1.10,五,07:00,,陰屍路The Walking Dead402 (RP)<護>,,,
FoxHD,2014,1.10,五,08:00,,驚險20刻TOP 20 Countdown507 (RP)<普>,,,
FoxHD,2014,1.10,五,10:00,,陰屍路The Walking Dead402 (RP)<護>,,,
FoxHD,2014,1.10,五,11:00,,重返犯罪現場NCIS 10 Strip1006 (RP)<護>,,,
FoxHD,2014,1.10,五,12:00,,驚險20刻TOP 20 Countdown507 (RP)<普>,,,
FoxHD,2014,1.10,五,13:00,,辛普森家庭THE SIMPSONS 2301 (RP)<護>,,,
FoxHD,2014,1.10,五,13:30,,辛普森家庭THE SIMPSONS 2302 (RP)<護>,,,
FoxHD,2014,1.10,五,15:00,,重返犯罪現場NCIS 10 Strip1006 (RP)<護>,,,
FoxHD,2014,1.10,五,16:00,,驚險20刻TOP 20 Countdown507 (RP)<普>,,,
FoxHD,2014,1.10,五,17:00,,地獄廚房Hell's Kitchen1108 (RP)<普>,,,
FoxHD,2014,1.10,五,18:00,,名偵探柯南Detective Conan 433 (RP)<普>,,,
FoxHD,2014,1.10,五,18:30,,名偵探柯南Detective Conan 434 (RP)<普>,,,
FoxHD,2014,1.10,五,19:00,,驚險20刻TOP 20 Countdown508<普>,,,
FoxHD,2014,1.10,五,20:00,,地獄廚房Hell's Kitchen 1109<普>,,,
FoxHD,2014,1.10,五,21:00,,Running Man121 (RP)<普>,,,
FoxHD,2014,1.10,五,22:00,,陰屍路The Walking Dead402<護>,,,
FoxHD,2014,1.10,五,23:00,,斷頭谷Sleepy Hollow102 (RP)<輔>,,,
FoxHD,2014,1.10,五,23:30,,泡菜粉絲俱樂部Kimchi Fan Club 104 <普>,,,
FoxHD,2014,1.11,六,00:00,,陰屍路The Walking Dead402 (RP)<輔>,,,
FoxHD,2014,1.11,六,01:00,,MUSIC BANK(90分版)173 (RP)<普>,,,
FoxHD,2014,1.11,六,01:30,,泡菜粉絲俱樂部Kimchi Fan Club 104 (RP) <普>,,,
FoxHD,2014,1.11,六,02:00,,重返犯罪現場NCIS 10 Strip1006(RP),,,
FoxHD,2014,1.11,六,02:30,,泡菜粉絲俱樂部Kimchi Fan Club 104 (RP)<普>,,,
FoxHD,2014,1.11,六,03:00,,韓國人氣歌謠K-pop Countdown175 (RP)<普>,,,
FoxHD,2014,1.11,六,04:00,,驚險20刻TOP 20 Countdown504 (RP)<普>,,,
FoxHD,2014,1.11,六,05:00,,普普風Pop Zone<輔>,,,
FoxHD,2014,1.11,六,06:00,,普普風Pop Zone<護>,,,
FoxHD,2014,1.11,六,06:30,,泡菜粉絲俱樂部Kimchi Fan Club 104 (RP) <普>,,,
FoxHD,2014,1.11,六,07:00,,MUSIC BANK (60分版)173 (RP)<普>,,,
FoxHD,2014,1.11,六,08:00,,驚險20刻TOP 20 Countdown504(RP)<普>,,,
FoxHD,2014,1.11,六,09:00,,韓國人氣歌謠K-pop Countdown175 (RP)<普>,,,
FoxHD,2014,1.11,六,10:00,,辛普森家庭THE SIMPSONS 2301 (RP)<護>,,,
FoxHD,2014,1.11,六,10:30,,辛普森家庭THE SIMPSONS 2302 (RP)<護>,,,
FoxHD,2014,1.11,六,11:00,,重返犯罪現場NCIS 10 Strip1003 (RP)<護>,,,
FoxHD,2014,1.11,六,12:00,,Running Man121 (RP)<普>,,,
FoxHD,2014,1.11,六,13:00,,辛普森家庭THE SIMPSONS 2301 (RP)<護>,,,
FoxHD,2014,1.11,六,13:30,,辛普森家庭THE SIMPSONS 2302 (RP)<護>,,,
FoxHD,2014,1.11,六,14:00,,MUSIC BANK(90分版)173 (RP)<普>,,,
FoxHD,2014,1.11,六,15:00,,重返犯罪現場NCIS 10 Strip1006 (RP)<護>,,,
FoxHD,2014,1.11,六,15:30,,酷航K-POP獵星行動Scoot K-Pop Star Hunt306 (RP)<普>,,,
FoxHD,2014,1.11,六,16:00,,驚險20刻TOP 20 Countdown507 (RP)<普>,,,
FoxHD,2014,1.11,六,16:30,,驚險20刻TOP 20 Countdown504(RP)<普>,,,
FoxHD,2014,1.11,六,17:00,,地獄廚房Hell's Kitchen1108 (RP)<普>,,,
FoxHD,2014,1.11,六,17:30,,驚險20刻TOP 20 Countdown505(RP)<普>,,,
FoxHD,2014,1.11,六,18:00,,名偵探柯南Detective Conan 433 (RP)<普>,,,
FoxHD,2014,1.11,六,18:30,,SHINee美好的一天SHINee’s One Fine07 (RP)<普>,,,
FoxHD,2014,1.11,六,19:00,,驚險20刻TOP 20 Countdown508<普>,,,
FoxHD,2014,1.11,六,19:30,,韓國人氣歌謠K-pop Countdown146(RP)<普>,,,
FoxHD,2014,1.11,六,20:00,,地獄廚房Hell's Kitchen 1109<普>,,,
FoxHD,2014,1.11,六,21:00,,Running Man72 (RP)<普>,,,
FoxHD,2014,1.11,六,22:00,,陰屍路The Walking Dead402<護>,,,
FoxHD,2014,1.11,六,23:00,,辛普森家庭THE SIMPSONS 2303 <護>,,,
FoxHD,2014,1.11,六,23:30,,辛普森家庭THE SIMPSONS 2304 <護>,,,
FoxHD,2014,1.12,日,00:00,,斷頭谷Sleepy Hollow 102 (RP)<輔>,,,
FoxHD,2014,1.12,日,01:00,,Running Man72 (RP)<普>,,,
FoxHD,2014,1.12,日,01:30,,泡菜粉絲俱樂部Kimchi Fan Club 104 (RP) <普>,,,
FoxHD,2014,1.12,日,02:00,,重返犯罪現場NCIS 10 Strip1006(RP),,,
FoxHD,2014,1.12,日,02:30,,泡菜粉絲俱樂部Kimchi Fan Club 104 (RP)<普>,,,
FoxHD,2014,1.12,日,03:00,,SHINee美好的一天SHINee’s One Fine07 (RP)<普>,,,
FoxHD,2014,1.12,日,04:00,,驚險20刻TOP 20 Countdown505 (RP)<普>,,,
FoxHD,2014,1.12,日,05:00,,普普風Pop Zone<輔>,,,
FoxHD,2014,1.12,日,06:00,,普普風Pop Zone<護>,,,
FoxHD,2014,1.12,日,06:30,,泡菜粉絲俱樂部Kimchi Fan Club 104 (RP) <普>,,,
FoxHD,2014,1.12,日,07:00,,韓國人氣歌謠K-pop Countdown146 (RP)<普>,,,
FoxHD,2014,1.12,日,08:00,,驚險20刻TOP 20 Countdown505(RP)<普>,,,
FoxHD,2014,1.12,日,09:00,,MUSIC BANK(60分版)173 (RP)<普>,,,
FoxHD,2014,1.12,日,10:00,,辛普森家庭THE SIMPSONS 2303 (RP)<護>,,,
FoxHD,2014,1.12,日,10:30,,辛普森家庭THE SIMPSONS 2304 (RP)<護>,,,
FoxHD,2014,1.12,日,11:00,,重返犯罪現場NCIS 10 Strip1004 (RP)<護>,,,
FoxHD,2014,1.12,日,12:00,,Running Man72 (RP)<普>,,,
FoxHD,2014,1.12,日,13:00,,辛普森家庭THE SIMPSONS 2301 (RP)<護>,,,
FoxHD,2014,1.12,日,13:30,,辛普森家庭THE SIMPSONS 2302 (RP)<護>,,,
FoxHD,2014,1.12,日,14:00,,辛普森家庭THE SIMPSONS 2303 (RP)<護>,,,
FoxHD,2014,1.12,日,14:30,,辛普森家庭THE SIMPSONS 2304 (RP)<護>,,,
FoxHD,2014,1.12,日,15:00,,韓國人氣歌謠K-pop Countdown146 (RP)<普>,,,
FoxHD,2014,1.12,日,15:30,,酷航K-POP獵星行動Scoot K-Pop Star Hunt306 (RP)<普>,,,
FoxHD,2014,1.12,日,16:00,,驚險20刻TOP 20 Countdown507 (RP)<普>,,,
FoxHD,2014,1.12,日,16:30,,SHINee美好的一天SHINee’s One Fine07 (RP)<普>,,,
FoxHD,2014,1.12,日,17:00,,地獄廚房Hell's Kitchen1108 (RP)<普>,,,
FoxHD,2014,1.12,日,17:30,,赤腳的朋友們Barefooted Friends13<普>,,,
FoxHD,2014,1.12,日,18:00,,名偵探柯南Detective Conan 433 (RP)<普>,,,
FoxHD,2014,1.12,日,18:30,,SHINee美好的一天SHINee’s One Fine07 (RP)<普>,,,
FoxHD,2014,1.12,日,19:00,,Running Man72 (RP)<普>,,,
FoxHD,2014,1.12,日,19:30,,韓國人氣歌謠K-pop Countdown146(RP)<普>,,,
FoxHD,2014,1.12,日,20:00,,地獄廚房Hell's Kitchen 1109<普>,,,
FoxHD,2014,1.12,日,21:00,,MUSIC BANK (90分版)174<普>,,,
FoxHD,2014,1.12,日,22:00,,陰屍路The Walking Dead402<護>,,,
FoxHD,2014,1.12,日,22:30,,泡菜粉絲俱樂部Kimchi Fan Club 104 (RP)<普>,,,
FoxHD,2014,1.12,日,23:00,,殺手信徒The Following101 (RP)<輔>,,,
FoxHD,2014,1.12,日,23:30,,辛普森家庭THE SIMPSONS 2304 <護>,,,
FoxHD,2014,1.13,一,00:00,,殺手信徒The Following102 (RP)<輔>,,,
FoxHD,2014,1.13,一,01:00,,斷頭谷Sleepy Hollow102 (RP)<輔>,,,
FoxHD,2014,1.13,一,02:00,,重返犯罪現場NCIS 10 Strip1006 (RP)<護>,,,
FoxHD,2014,1.13,一,03:00,,普普風Pop Zone<輔>,,,
FoxHD,2014,1.13,一,05:00,,殺手信徒The Following101 (RP)<護>,,,
FoxHD,2014,1.13,一,06:00,,殺手信徒The Following102 (RP)<護>,,,
FoxHD,2014,1.13,一,07:00,,陰屍路The Walking Dead402 (RP)<護>,,,
FoxHD,2014,1.13,一,08:00,,驚險20刻TOP 20 Countdown508 (RP)<普>,,,
FoxHD,2014,1.13,一,09:00,,普普風Pop Zone<護>,,,
FoxHD,2014,1.13,一,10:00,,赤腳的朋友們Barefooted Friends13 (RP)<普>,,,
FoxHD,2014,1.13,一,11:30,,泡菜粉絲俱樂部Kimchi Fan Club 104 (RP)<普>,,,
FoxHD,2014,1.13,一,12:00,,驚險20刻TOP 20 Countdown508 (RP)<普>,,,
FoxHD,2014,1.13,一,13:00,,陰屍路The Walking Dead402 (RP)<護>,,,
FoxHD,2014,1.13,一,14:00,,新嗓門New Voices<護>,,,
FoxHD,2014,1.13,一,15:00,,赤腳的朋友們Barefooted Friends13 (RP)<普>,,,
FoxHD,2014,1.13,一,16:30,,泡菜粉絲俱樂部Kimchi Fan Club 104 (RP)<普>,,,
FoxHD,2014,1.13,一,17:00,,地獄廚房Hell's Kitchen 1109 (RP)<普>,,,
FoxHD,2014,1.13,一,18:00,,名偵探柯南Detective Conan 434 (RP)<普>,,,
FoxHD,2014,1.13,一,18:30,,名偵探柯南Detective Conan 435 (RP)<普>,,,
FoxHD,2014,1.13,一,19:00,,驚險20刻TOP 20 Countdown509<普>,,,
FoxHD,2014,1.13,一,20:00,,地獄廚房Hell's Kitchen 1110<普>,,,
FoxHD,2014,1.13,一,21:00,,重返犯罪現場NCIS 10 Strip1007<護>,,,
FoxHD,2014,1.13,一,22:00,,殺手信徒The Following103<護>,,,
FoxHD,2014,1.13,一,23:00,,MUSIC BANK (60分版)174<普>,,,
FoxHD,2014,1.14,二,00:00,,幸福街第三號出口Three Exits to Love22<普>,,,
FoxHD,2014,1.14,二,01:00,,MUSIC BANK (60分版)174 (RP)<普>,,,
FoxHD,2014,1.14,二,02:00,,重返犯罪現場NCIS 10 Strip1007 (RP)<護>,,,
FoxHD,2014,1.14,二,05:00,,地獄廚房Hell's Kitchen1109 (RP)<普>,,,
FoxHD,2014,1.14,二,06:00,,MUSIC BANK (60分版)174 (RP)<普>,,,
FoxHD,2014,1.14,二,07:00,,殺手信徒The Following103 (RP)<護>,,,
FoxHD,2014,1.14,二,08:00,,驚險20刻TOP 20 Countdown509 (RP)<普>,,,
FoxHD,2014,1.14,二,10:00,,殺手信徒The Following103 (RP)<護>,,,
FoxHD,2014,1.14,二,11:00,,重返犯罪現場NCIS 10 Strip1007 (RP)<護>,,,
FoxHD,2014,1.14,二,12:00,,驚險20刻TOP 20 Countdown509 (RP)<普>,,,
FoxHD,2014,1.14,二,13:00,,殺手信徒The Following103 (RP)<護>,,,
FoxHD,2014,1.14,二,15:00,,重返犯罪現場NCIS 10 Strip1007 (RP)<護>,,,
FoxHD,2014,1.14,二,16:00,,驚險20刻TOP 20 Countdown509 (RP)<普>,,,
FoxHD,2014,1.14,二,17:00,,地獄廚房Hell's Kitchen1110 (RP)<普>,,,
FoxHD,2014,1.14,二,18:00,,名偵探柯南Detective Conan 435 (RP)<普>,,,
FoxHD,2014,1.14,二,18:30,,名偵探柯南Detective Conan 436 (RP)<普>,,,
FoxHD,2014,1.14,二,19:00,,驚險20刻TOP 20 Countdown510<普>,,,
FoxHD,2014,1.14,二,20:00,,地獄廚房Hell's Kitchen1111<普>,,,
FoxHD,2014,1.14,二,21:00,,重返犯罪現場NCIS 10 Strip1008<護>,,,
FoxHD,2014,1.14,二,22:00,,殺手信徒The Following104<護>,,,
FoxHD,2014,1.14,二,23:00,,SHINee美好的一天SHINee’s One Fine08<普>,,,
FoxHD,2014,1.15,三,00:00,,幸福街第三號出口Three Exits to Love23<普>,,,
FoxHD,2014,1.15,三,01:00,,SHINee美好的一天SHINee’s One Fine08 (RP)<普>,,,
FoxHD,2014,1.15,三,02:00,,重返犯罪現場NCIS 10 Strip1008 (RP)<護>,,,
FoxHD,2014,1.15,三,05:00,,地獄廚房Hell's Kitchen1110 (RP)<普>,,,
FoxHD,2014,1.15,三,06:00,,SHINee美好的一天SHINee’s One Fine08 (RP)<普>,,,
FoxHD,2014,1.15,三,07:00,,殺手信徒The Following104 (RP)<護>,,,
FoxHD,2014,1.15,三,08:00,,驚險20刻TOP 20 Countdown510 (RP)<普>,,,
FoxHD,2014,1.15,三,10:00,,殺手信徒The Following104 (RP)<護>,,,
FoxHD,2014,1.15,三,11:00,,重返犯罪現場NCIS 10 Strip1008 (RP)<護>,,,
FoxHD,2014,1.15,三,12:00,,驚險20刻TOP 20 Countdown510 (RP)<普>,,,
FoxHD,2014,1.15,三,13:00,,殺手信徒The Following104 (RP)<護>,,,
FoxHD,2014,1.15,三,15:00,,重返犯罪現場NCIS 10 Strip1008 (RP)<護>,,,
FoxHD,2014,1.15,三,16:00,,驚險20刻TOP 20 Countdown510 (RP)<普>,,,
FoxHD,2014,1.15,三,17:00,,地獄廚房Hell's Kitchen1111 (RP)<普>,,,
FoxHD,2014,1.15,三,18:00,,名偵探柯南Detective Conan 436 (RP)<普>,,,
FoxHD,2014,1.15,三,18:30,,名偵探柯南Detective Conan 437 (RP)<普>,,,
FoxHD,2014,1.15,三,19:00,,驚險20刻TOP 20 Countdown511<普>,,,
FoxHD,2014,1.15,三,20:00,,地獄廚房Hell's Kitchen1112<普>,,,
FoxHD,2014,1.15,三,21:00,,重返犯罪現場NCIS 10 Strip1009<護>,,,
FoxHD,2014,1.15,三,22:00,,斷頭谷Sleepy Hollow103<護>,,,
FoxHD,2014,1.15,三,23:00,,酷航K-POP獵星行動Scoot K-Pop Star Hunt307<普>,,,
FoxHD,2014,1.16,四,00:00,,幸福街第三號出口Three Exits to Love24<普>,,,
FoxHD,2014,1.16,四,01:00,,酷航K-POP獵星行動Scoot K-Pop Star Hunt307 (RP)<普>,,,
FoxHD,2014,1.16,四,02:00,,重返犯罪現場NCIS 10 Strip1009 (RP)<護>,,,
FoxHD,2014,1.16,四,05:00,,地獄廚房Hell's Kitchen1111 (RP)<普>,,,
FoxHD,2014,1.16,四,06:00,,酷航K-POP獵星行動Scoot K-Pop Star Hunt307 (RP)<普>,,,
FoxHD,2014,1.16,四,07:00,,斷頭谷Sleepy Hollow 103 (RP)<護>,,,
FoxHD,2014,1.16,四,08:00,,驚險20刻TOP 20 Countdown511 (RP)<普>,,,
FoxHD,2014,1.16,四,10:00,,斷頭谷Sleepy Hollow 103 (RP)<護>,,,
FoxHD,2014,1.16,四,11:00,,重返犯罪現場NCIS 10 Strip1009 (RP)<護>,,,
FoxHD,2014,1.16,四,12:00,,驚險20刻TOP 20 Countdown511 (RP)<普>,,,
FoxHD,2014,1.16,四,13:00,,斷頭谷Sleepy Hollow 103 (RP)<護>,,,
FoxHD,2014,1.16,四,15:00,,重返犯罪現場NCIS 10 Strip1009 (RP)<護>,,,
FoxHD,2014,1.16,四,16:00,,驚險20刻TOP 20 Countdown511 (RP)<普>,,,
FoxHD,2014,1.16,四,17:00,,地獄廚房Hell's Kitchen1112 (RP)<普>,,,
FoxHD,2014,1.16,四,18:00,,名偵探柯南Detective Conan 437 (RP)<普>,,,
FoxHD,2014,1.16,四,18:30,,名偵探柯南Detective Conan 438 (RP)<普>,,,
FoxHD,2014,1.16,四,19:00,,驚險20刻TOP 20 Countdown512<普>,,,
FoxHD,2014,1.16,四,20:00,,地獄廚房Hell's Kitchen1113<普>,,,
FoxHD,2014,1.16,四,21:00,,重返犯罪現場NCIS 10 Strip1010<護>,,,
FoxHD,2014,1.16,四,22:00,,陰屍路The Walking Dead403<護>,,,
FoxHD,2014,1.16,四,23:00,,泡菜粉絲俱樂部Kimchi Fan Club 104 (RP)<普>,,,
FoxHD,2014,1.16,四,23:30,,泡菜粉絲俱樂部Kimchi Fan Club 105<普>,,,
FoxHD,2014,1.17,五,00:00,,幸福街第三號出口Three Exits to Love25<普>,,,
FoxHD,2014,1.17,五,01:00,,泡菜粉絲俱樂部Kimchi Fan Club 104 (RP)<普>,,,
FoxHD,2014,1.17,五,01:30,,泡菜粉絲俱樂部Kimchi Fan Club 105 (RP)<普>,,,
FoxHD,2014,1.17,五,02:00,,重返犯罪現場NCIS 10 Strip1010 (RP)<護>,,,
FoxHD,2014,1.17,五,05:00,,地獄廚房Hell's Kitchen1112 (RP)<普>,,,
FoxHD,2014,1.17,五,06:00,,泡菜粉絲俱樂部Kimchi Fan Club 104 (RP)<普>,,,
FoxHD,2014,1.17,五,06:30,,泡菜粉絲俱樂部Kimchi Fan Club 105 (RP)<普>,,,
FoxHD,2014,1.17,五,07:00,,陰屍路The Walking Dead403 (RP)<護>,,,
FoxHD,2014,1.17,五,08:00,,驚險20刻TOP 20 Countdown512 (RP)<普>,,,
FoxHD,2014,1.17,五,10:00,,陰屍路The Walking Dead403 (RP)<護>,,,
FoxHD,2014,1.17,五,11:00,,重返犯罪現場NCIS 10 Strip1010 (RP)<護>,,,
FoxHD,2014,1.17,五,12:00,,驚險20刻TOP 20 Countdown512 (RP)<普>,,,
FoxHD,2014,1.17,五,13:00,,辛普森家庭THE SIMPSONS 2303 (RP)<護>,,,
FoxHD,2014,1.17,五,13:30,,辛普森家庭THE SIMPSONS 2304 (RP)<護>,,,
FoxHD,2014,1.17,五,15:00,,重返犯罪現場NCIS 10 Strip1010 (RP)<護>,,,
FoxHD,2014,1.17,五,16:00,,驚險20刻TOP 20 Countdown512 (RP)<普>,,,
FoxHD,2014,1.17,五,17:00,,地獄廚房Hell's Kitchen1113 (RP)<普>,,,
FoxHD,2014,1.17,五,18:00,,名偵探柯南Detective Conan 438 (RP)<普>,,,
FoxHD,2014,1.17,五,18:30,,名偵探柯南Detective Conan 439 (RP)<普>,,,
FoxHD,2014,1.17,五,19:00,,驚險20刻TOP 20 Countdown513<普>,,,
FoxHD,2014,1.17,五,20:00,,地獄廚房Hell's Kitchen1114<普>,,,
FoxHD,2014,1.17,五,21:00,,Running Man72 (RP)<普>,,,
FoxHD,2014,1.17,五,22:00,,陰屍路The Walking Dead403<護>,,,
FoxHD,2014,1.17,五,23:00,,斷頭谷Sleepy Hollow103 (RP)<輔>,,,
FoxHD,2014,1.17,五,23:30,,泡菜粉絲俱樂部Kimchi Fan Club 105<普>,,,
FoxHD,2014,1.18,六,00:00,,陰屍路The Walking Dead403 (RP)<護>,,,
FoxHD,2014,1.18,六,01:00,,MUSIC BANK(90分版)174 (RP)<普>,,,
FoxHD,2014,1.18,六,01:30,,泡菜粉絲俱樂部Kimchi Fan Club 105 (RP)<普>,,,
FoxHD,2014,1.18,六,02:00,,重返犯罪現場NCIS 10 Strip1010 (RP)<護>,,,
FoxHD,2014,1.18,六,02:30,,泡菜粉絲俱樂部Kimchi Fan Club 105 (RP)<普>,,,
FoxHD,2014,1.18,六,03:00,,韓國人氣歌謠K-pop Countdown146 (RP)<普>,,,
FoxHD,2014,1.18,六,04:00,,驚險20刻TOP 20 Countdown506 (RP)<普>,,,
FoxHD,2014,1.18,六,05:00,,普普風Pop Zone<輔>,,,
FoxHD,2014,1.18,六,06:00,,普普風Pop Zone<護>,,,
FoxHD,2014,1.18,六,06:30,,泡菜粉絲俱樂部Kimchi Fan Club 105 (RP)<普>,,,
FoxHD,2014,1.18,六,07:00,,MUSIC BANK (60分版)174 (RP)<普>,,,
FoxHD,2014,1.18,六,08:00,,驚險20刻TOP 20 Countdown506 (RP)<普>,,,
FoxHD,2014,1.18,六,09:00,,韓國人氣歌謠K-pop Countdown146 (RP)<普>,,,
FoxHD,2014,1.18,六,10:00,,辛普森家庭THE SIMPSONS 2303 (RP)<護>,,,
FoxHD,2014,1.18,六,10:30,,辛普森家庭THE SIMPSONS 2304 (RP)<護>,,,
FoxHD,2014,1.18,六,11:00,,重返犯罪現場NCIS 10 Strip1005 (RP)<護>,,,
FoxHD,2014,1.18,六,12:00,,Running Man72 (RP)<普>,,,
FoxHD,2014,1.18,六,13:00,,辛普森家庭THE SIMPSONS 2303 (RP)<護>,,,
FoxHD,2014,1.18,六,13:30,,辛普森家庭THE SIMPSONS 2304 (RP)<護>,,,
FoxHD,2014,1.18,六,14:00,,MUSIC BANK(90分版)174 (RP)<普>,,,
FoxHD,2014,1.18,六,15:00,,重返犯罪現場NCIS 10 Strip1010 (RP)<護>,,,
FoxHD,2014,1.18,六,15:30,,酷航K-POP獵星行動Scoot K-Pop Star Hunt307 (RP)<普>,,,
FoxHD,2014,1.18,六,16:00,,驚險20刻TOP 20 Countdown512 (RP)<普>,,,
FoxHD,2014,1.18,六,16:30,,驚險20刻TOP 20 Countdown506 (RP)<普>,,,
FoxHD,2014,1.18,六,17:00,,地獄廚房Hell's Kitchen1113 (RP)<普>,,,
FoxHD,2014,1.18,六,17:30,,驚險20刻TOP 20 Countdown507 (RP)<普>,,,
FoxHD,2014,1.18,六,18:00,,名偵探柯南Detective Conan 438 (RP)<普>,,,
FoxHD,2014,1.18,六,18:30,,SHINee美好的一天SHINee’s One Fine08 (RP)<普>,,,
FoxHD,2014,1.18,六,19:00,,驚險20刻TOP 20 Countdown513<普>,,,
FoxHD,2014,1.18,六,19:30,,韓國人氣歌謠K-pop Countdown176<普>,,,
FoxHD,2014,1.18,六,20:00,,地獄廚房Hell's Kitchen1114<普>,,,
FoxHD,2014,1.18,六,21:00,,Running Man122<普>,,,
FoxHD,2014,1.18,六,22:00,,陰屍路The Walking Dead403<護>,,,
FoxHD,2014,1.18,六,23:00,,辛普森家庭THE SIMPSONS 2305 <護>,,,
FoxHD,2014,1.18,六,23:30,,辛普森家庭THE SIMPSONS 2306 <護>,,,
FoxHD,2014,1.19,日,00:00,,斷頭谷Sleepy Hollow 103 (RP)<輔>,,,
FoxHD,2014,1.19,日,01:00,,Running Man122 (RP)<普>,,,
FoxHD,2014,1.19,日,01:30,,泡菜粉絲俱樂部Kimchi Fan Club 105 (RP)<普>,,,
FoxHD,2014,1.19,日,02:00,,重返犯罪現場NCIS 10 Strip1010 (RP)<護>,,,
FoxHD,2014,1.19,日,02:30,,泡菜粉絲俱樂部Kimchi Fan Club 105 (RP)<普>,,,
FoxHD,2014,1.19,日,03:00,,SHINee美好的一天SHINee’s One Fine08 (RP)<普>,,,
FoxHD,2014,1.19,日,04:00,,驚險20刻TOP 20 Countdown507 (RP)<普>,,,
FoxHD,2014,1.19,日,05:00,,普普風Pop Zone<輔>,,,
FoxHD,2014,1.19,日,06:00,,普普風Pop Zone<護>,,,
FoxHD,2014,1.19,日,06:30,,泡菜粉絲俱樂部Kimchi Fan Club 105 (RP)<普>,,,
FoxHD,2014,1.19,日,07:00,,韓國人氣歌謠K-pop Countdown176 (RP)<普>,,,
FoxHD,2014,1.19,日,08:00,,驚險20刻TOP 20 Countdown507 (RP)<普>,,,
FoxHD,2014,1.19,日,09:00,,MUSIC BANK(60分版)174 (RP)<普>,,,
FoxHD,2014,1.19,日,10:00,,辛普森家庭THE SIMPSONS 2305 (RP)<護>,,,
FoxHD,2014,1.19,日,10:30,,辛普森家庭THE SIMPSONS 2306 (RP)<護>,,,
FoxHD,2014,1.19,日,11:00,,重返犯罪現場NCIS 10 Strip1006 (RP)<護>,,,
FoxHD,2014,1.19,日,12:00,,Running Man122 (RP)<普>,,,
FoxHD,2014,1.19,日,13:00,,辛普森家庭THE SIMPSONS 2303 (RP)<護>,,,
FoxHD,2014,1.19,日,13:30,,辛普森家庭THE SIMPSONS 2304 (RP)<護>,,,
FoxHD,2014,1.19,日,14:00,,辛普森家庭THE SIMPSONS 2305 (RP)<護>,,,
FoxHD,2014,1.19,日,14:30,,辛普森家庭THE SIMPSONS 2306 (RP)<護>,,,
FoxHD,2014,1.19,日,15:00,,韓國人氣歌謠K-pop Countdown176 (RP)<普>,,,
FoxHD,2014,1.19,日,15:30,,酷航K-POP獵星行動Scoot K-Pop Star Hunt307 (RP)<普>,,,
FoxHD,2014,1.19,日,16:00,,驚險20刻TOP 20 Countdown512 (RP)<普>,,,
FoxHD,2014,1.19,日,16:30,,SHINee美好的一天SHINee’s One Fine08 (RP)<普>,,,
FoxHD,2014,1.19,日,17:00,,地獄廚房Hell's Kitchen1113 (RP)<普>,,,
FoxHD,2014,1.19,日,17:30,,赤腳的朋友們Barefooted Friends14<普>,,,
FoxHD,2014,1.19,日,18:00,,名偵探柯南Detective Conan 438 (RP)<普>,,,
FoxHD,2014,1.19,日,18:30,,SHINee美好的一天SHINee’s One Fine08 (RP)<普>,,,
FoxHD,2014,1.19,日,19:00,,Running Man122 (RP)<普>,,,
FoxHD,2014,1.19,日,19:30,,韓國人氣歌謠K-pop Countdown176<普>,,,
FoxHD,2014,1.19,日,20:00,,地獄廚房Hell's Kitchen1114<普>,,,
FoxHD,2014,1.19,日,21:00,,MUSIC BANK(90分版)169(RP)<普>,,,
FoxHD,2014,1.19,日,22:00,,陰屍路The Walking Dead403<護>,,,
FoxHD,2014,1.19,日,22:30,,泡菜粉絲俱樂部Kimchi Fan Club 105 (RP)<普>,,,
FoxHD,2014,1.19,日,23:00,,殺手信徒The Following103 (RP)<輔>,,,
FoxHD,2014,1.19,日,23:30,,辛普森家庭THE SIMPSONS 2306 <護>,,,
FoxHD,2014,1.20,一,00:00,,殺手信徒The Following104 (RP)<輔>,,,
FoxHD,2014,1.20,一,01:00,,斷頭谷Sleepy Hollow103 (RP)<輔>,,,
FoxHD,2014,1.20,一,02:00,,重返犯罪現場NCIS 10 Strip1010 (RP)<護>,,,
FoxHD,2014,1.20,一,03:00,,普普風Pop Zone<輔>,,,
FoxHD,2014,1.20,一,05:00,,殺手信徒The Following103 (RP)<護>,,,
FoxHD,2014,1.20,一,06:00,,殺手信徒The Following104 (RP)<護>,,,
FoxHD,2014,1.20,一,07:00,,陰屍路The Walking Dead403 (RP)<護>,,,
FoxHD,2014,1.20,一,08:00,,驚險20刻TOP 20 Countdown513 (RP)<普>,,,
FoxHD,2014,1.20,一,09:00,,普普風Pop Zone<護>,,,
FoxHD,2014,1.20,一,10:00,,赤腳的朋友們Barefooted Friends14 (RP)<普>,,,
FoxHD,2014,1.20,一,11:30,,泡菜粉絲俱樂部Kimchi Fan Club 105 (RP)<普>,,,
FoxHD,2014,1.20,一,12:00,,驚險20刻TOP 20 Countdown513 (RP)<普>,,,
FoxHD,2014,1.20,一,13:00,,陰屍路The Walking Dead403 (RP)<護>,,,
FoxHD,2014,1.20,一,14:00,,新嗓門New Voices<護>,,,
FoxHD,2014,1.20,一,15:00,,赤腳的朋友們Barefooted Friends14 (RP)<普>,,,
FoxHD,2014,1.20,一,16:30,,泡菜粉絲俱樂部Kimchi Fan Club 105 (RP)<普>,,,
FoxHD,2014,1.20,一,17:00,,地獄廚房Hell's Kitchen1114 (RP)<普>,,,
FoxHD,2014,1.20,一,18:00,,名偵探柯南Detective Conan 439 (RP)<普>,,,
FoxHD,2014,1.20,一,18:30,,名偵探柯南Detective Conan 440 (RP)<普>,,,
FoxHD,2014,1.20,一,19:00,,驚險20刻TOP 20 Countdown601<普>,,,
FoxHD,2014,1.20,一,20:00,,地獄廚房Hell's Kitchen1115<普>,,,
FoxHD,2014,1.20,一,21:00,,重返犯罪現場NCIS 10 Strip1011<護>,,,
FoxHD,2014,1.20,一,22:00,,殺手信徒The Following105<護>,,,
FoxHD,2014,1.20,一,23:00,,MUSIC BANK (60分版)169(RP)<普>,,,
FoxHD,2014,1.21,二,00:00,,驚險20刻TOP 20 Countdown601 (RP)<普>,,,
FoxHD,2014,1.21,二,01:00,,MUSIC BANK (60分版)169 (RP)<普>,,,
FoxHD,2014,1.21,二,02:00,,重返犯罪現場NCIS 10 Strip1011 (RP)<護>,,,
FoxHD,2014,1.21,二,05:00,,地獄廚房Hell's Kitchen1113 (RP)<普>,,,
FoxHD,2014,1.21,二,06:00,,MUSIC BANK (60分版)169 (RP)<普>,,,
FoxHD,2014,1.21,二,07:00,,殺手信徒The Following105 (RP)<護>,,,
FoxHD,2014,1.21,二,08:00,,驚險20刻TOP 20 Countdown601 (RP)<普>,,,
FoxHD,2014,1.21,二,10:00,,殺手信徒The Following105 (RP)<護>,,,
FoxHD,2014,1.21,二,11:00,,重返犯罪現場NCIS 10 Strip1011 (RP)<護>,,,
FoxHD,2014,1.21,二,12:00,,驚險20刻TOP 20 Countdown601 (RP)<普>,,,
FoxHD,2014,1.21,二,13:00,,殺手信徒The Following105 (RP)<護>,,,
FoxHD,2014,1.21,二,15:00,,重返犯罪現場NCIS 10 Strip1011 (RP)<護>,,,
FoxHD,2014,1.21,二,16:00,,驚險20刻TOP 20 Countdown601 (RP)<普>,,,
FoxHD,2014,1.21,二,17:00,,地獄廚房Hell's Kitchen1115 (RP)<普>,,,
FoxHD,2014,1.21,二,18:00,,名偵探柯南Detective Conan 440 (RP)<普>,,,
FoxHD,2014,1.21,二,18:30,,名偵探柯南Detective Conan 441 (RP)<普>,,,
FoxHD,2014,1.21,二,19:00,,驚險20刻TOP 20 Countdown602<普>,,,
FoxHD,2014,1.21,二,20:00,,地獄廚房Hell's Kitchen1116<普>,,,
FoxHD,2014,1.21,二,21:00,,重返犯罪現場NCIS 10 Strip1012<護>,,,
FoxHD,2014,1.21,二,22:00,,殺手信徒The Following106<護>,,,
FoxHD,2014,1.21,二,23:00,,SHINee美好的一天SHINee’s One Fine09<普>,,,
FoxHD,2014,1.22,三,00:00,,驚險20刻TOP 20 Countdown602 (RP)<普>,,,
FoxHD,2014,1.22,三,01:00,,SHINee美好的一天SHINee’s One Fine09 (RP)<普>,,,
FoxHD,2014,1.22,三,02:00,,重返犯罪現場NCIS 10 Strip1012 (RP)<護>,,,
FoxHD,2014,1.22,三,05:00,,地獄廚房Hell's Kitchen1114 (RP)<普>,,,
FoxHD,2014,1.22,三,06:00,,SHINee美好的一天SHINee’s One Fine09 (RP)<普>,,,
FoxHD,2014,1.22,三,07:00,,殺手信徒The Following106 (RP)<護>,,,
FoxHD,2014,1.22,三,08:00,,驚險20刻TOP 20 Countdown602 (RP)<普>,,,
FoxHD,2014,1.22,三,10:00,,殺手信徒The Following106 (RP)<護>,,,
FoxHD,2014,1.22,三,11:00,,重返犯罪現場NCIS 10 Strip1012 (RP)<護>,,,
FoxHD,2014,1.22,三,12:00,,驚險20刻TOP 20 Countdown602 (RP)<普>,,,
FoxHD,2014,1.22,三,13:00,,殺手信徒The Following106 (RP)<護>,,,
FoxHD,2014,1.22,三,15:00,,重返犯罪現場NCIS 10 Strip1012 (RP)<護>,,,
FoxHD,2014,1.22,三,16:00,,驚險20刻TOP 20 Countdown602 (RP)<普>,,,
FoxHD,2014,1.22,三,17:00,,地獄廚房Hell's Kitchen1116 (RP)<普>,,,
FoxHD,2014,1.22,三,18:00,,名偵探柯南Detective Conan 441 (RP)<普>,,,
FoxHD,2014,1.22,三,18:30,,名偵探柯南Detective Conan 442 (RP)<普>,,,
FoxHD,2014,1.22,三,19:00,,驚險20刻TOP 20 Countdown603<普>,,,
FoxHD,2014,1.22,三,20:00,,地獄廚房Hell's Kitchen1117<普>,,,
FoxHD,2014,1.22,三,21:00,,重返犯罪現場NCIS 10 Strip1013<護>,,,
FoxHD,2014,1.22,三,22:00,,斷頭谷Sleepy Hollow104<護>,,,
FoxHD,2014,1.22,三,23:00,,酷航K-POP獵星行動Scoot K-Pop Star Hunt308<普>,,,
FoxHD,2014,1.23,四,00:00,,驚險20刻TOP 20 Countdown603 (RP)<普>,,,
FoxHD,2014,1.23,四,01:00,,酷航K-POP獵星行動Scoot K-Pop Star Hunt308 (RP)<普>,,,
FoxHD,2014,1.23,四,02:00,,重返犯罪現場NCIS 10 Strip1013 (RP)<護>,,,
FoxHD,2014,1.23,四,05:00,,地獄廚房Hell's Kitchen1115 (RP)<普>,,,
FoxHD,2014,1.23,四,06:00,,酷航K-POP獵星行動Scoot K-Pop Star Hunt308 (RP)<普>,,,
FoxHD,2014,1.23,四,07:00,,斷頭谷Sleepy Hollow104 (RP)<護>,,,
FoxHD,2014,1.23,四,08:00,,驚險20刻TOP 20 Countdown603 (RP)<普>,,,
FoxHD,2014,1.23,四,10:00,,斷頭谷Sleepy Hollow104 (RP)<護>,,,
FoxHD,2014,1.23,四,11:00,,重返犯罪現場NCIS 10 Strip1013 (RP)<護>,,,
FoxHD,2014,1.23,四,12:00,,驚險20刻TOP 20 Countdown603 (RP)<普>,,,
FoxHD,2014,1.23,四,13:00,,斷頭谷Sleepy Hollow104 (RP)<護>,,,
FoxHD,2014,1.23,四,15:00,,重返犯罪現場NCIS 10 Strip1013 (RP)<護>,,,
FoxHD,2014,1.23,四,16:00,,驚險20刻TOP 20 Countdown603 (RP)<普>,,,
FoxHD,2014,1.23,四,17:00,,地獄廚房Hell's Kitchen1117 (RP)<普>,,,
FoxHD,2014,1.23,四,18:00,,名偵探柯南Detective Conan 442 (RP)<普>,,,
FoxHD,2014,1.23,四,18:30,,名偵探柯南Detective Conan 443 (RP)<普>,,,
FoxHD,2014,1.23,四,19:00,,驚險20刻TOP 20 Countdown604<普>,,,
FoxHD,2014,1.23,四,20:00,,地獄廚房Hell's Kitchen1118<普>,,,
FoxHD,2014,1.23,四,21:00,,重返犯罪現場NCIS 10 Strip1014<護>,,,
FoxHD,2014,1.23,四,22:00,,陰屍路The Walking Dead404<護>,,,
FoxHD,2014,1.23,四,23:00,,泡菜粉絲俱樂部Kimchi Fan Club 105 (RP)<普>,,,
FoxHD,2014,1.23,四,23:30,,泡菜粉絲俱樂部Kimchi Fan Club 106<普>,,,
FoxHD,2014,1.24,五,00:00,,驚險20刻TOP 20 Countdown604 (RP)<普>,,,
FoxHD,2014,1.24,五,01:00,,泡菜粉絲俱樂部Kimchi Fan Club 105 (RP)<普>,,,
FoxHD,2014,1.24,五,01:30,,泡菜粉絲俱樂部Kimchi Fan Club 106 (RP)<普>,,,
FoxHD,2014,1.24,五,02:00,,重返犯罪現場NCIS 10 Strip1014 (RP)<護>,,,
FoxHD,2014,1.24,五,05:00,,地獄廚房Hell's Kitchen1116 (RP)<普>,,,
FoxHD,2014,1.24,五,06:00,,泡菜粉絲俱樂部Kimchi Fan Club 105 (RP)<普>,,,
FoxHD,2014,1.24,五,06:30,,泡菜粉絲俱樂部Kimchi Fan Club 106 (RP)<普>,,,
FoxHD,2014,1.24,五,07:00,,陰屍路The Walking Dead404 (RP)<護>,,,
FoxHD,2014,1.24,五,08:00,,驚險20刻TOP 20 Countdown604 (RP)<普>,,,
FoxHD,2014,1.24,五,10:00,,陰屍路The Walking Dead404 (RP)<護>,,,
FoxHD,2014,1.24,五,11:00,,重返犯罪現場NCIS 10 Strip1014 (RP)<護>,,,
FoxHD,2014,1.24,五,12:00,,驚險20刻TOP 20 Countdown604 (RP)<普>,,,
FoxHD,2014,1.24,五,13:00,,辛普森家庭THE SIMPSONS 2305 <護>,,,
FoxHD,2014,1.24,五,13:30,,辛普森家庭THE SIMPSONS 2306 <護>,,,
FoxHD,2014,1.24,五,15:00,,重返犯罪現場NCIS 10 Strip1014 (RP)<護>,,,
FoxHD,2014,1.24,五,16:00,,驚險20刻TOP 20 Countdown604 (RP)<普>,,,
FoxHD,2014,1.24,五,17:00,,地獄廚房Hell's Kitchen1118 (RP)<普>,,,
FoxHD,2014,1.24,五,18:00,,名偵探柯南Detective Conan 443 (RP)<普>,,,
FoxHD,2014,1.24,五,18:30,,名偵探柯南Detective Conan 444 (RP)<普>,,,
FoxHD,2014,1.24,五,19:00,,驚險20刻TOP 20 Countdown401<普>,,,
FoxHD,2014,1.24,五,20:00,,地獄廚房Hell's Kitchen1119<普>,,,
FoxHD,2014,1.24,五,21:00,,Running Man122 (RP)<護>,,,
FoxHD,2014,1.24,五,22:00,,陰屍路The Walking Dead404<護>,,,
FoxHD,2014,1.24,五,23:00,,斷頭谷Sleepy Hollow104 (RP)<輔>,,,
FoxHD,2014,1.24,五,23:30,,泡菜粉絲俱樂部Kimchi Fan Club 106<普>,,,
FoxHD,2014,1.25,六,00:00,,陰屍路The Walking Dead404 (RP)<輔>,,,
FoxHD,2014,1.25,六,01:00,,MUSIC BANK(90分版)169 (RP)<普>,,,
FoxHD,2014,1.25,六,01:30,,泡菜粉絲俱樂部Kimchi Fan Club 106 (RP)<普>,,,
FoxHD,2014,1.25,六,02:00,,重返犯罪現場NCIS 10 Strip1014 (RP)<護>,,,
FoxHD,2014,1.25,六,02:30,,泡菜粉絲俱樂部Kimchi Fan Club 106 (RP)<普>,,,
FoxHD,2014,1.25,六,03:00,,韓國人氣歌謠K-pop Countdown176 (RP)<普>,,,
FoxHD,2014,1.25,六,04:00,,驚險20刻TOP 20 Countdown508 (RP)<普>,,,
FoxHD,2014,1.25,六,05:00,,普普風Pop Zone<輔>,,,
FoxHD,2014,1.25,六,06:00,,普普風Pop Zone<護>,,,
FoxHD,2014,1.25,六,06:30,,泡菜粉絲俱樂部Kimchi Fan Club 106 (RP)<普>,,,
FoxHD,2014,1.25,六,07:00,,MUSIC BANK (60分版)169 (RP)<普>,,,
FoxHD,2014,1.25,六,08:00,,驚險20刻TOP 20 Countdown508 (RP)<普>,,,
FoxHD,2014,1.25,六,09:00,,韓國人氣歌謠K-pop Countdown176 (RP)<普>,,,
FoxHD,2014,1.25,六,10:00,,辛普森家庭THE SIMPSONS 2305(RP) <護>,,,
FoxHD,2014,1.25,六,10:30,,辛普森家庭THE SIMPSONS 2306(RP <護>,,,
FoxHD,2014,1.25,六,11:00,,重返犯罪現場NCIS 10 Strip1007 (RP)<護>,,,
FoxHD,2014,1.25,六,12:00,,Running Man122 (RP)<普>,,,
FoxHD,2014,1.25,六,13:00,,辛普森家庭THE SIMPSONS 2305 <護>,,,
FoxHD,2014,1.25,六,13:30,,辛普森家庭THE SIMPSONS 2306 <護>,,,
FoxHD,2014,1.25,六,14:00,,MUSIC BANK(90" Version)169 (RP)<普>,,,
FoxHD,2014,1.25,六,15:00,,重返犯罪現場NCIS 10 Strip1014 (RP)<護>,,,
FoxHD,2014,1.25,六,15:30,,酷航K-POP獵星行動Scoot K-Pop Star Hunt308 (RP)<普>,,,
FoxHD,2014,1.25,六,16:00,,驚險20刻TOP 20 Countdown604 (RP)<普>,,,
FoxHD,2014,1.25,六,16:30,,驚險20刻TOP 20 Countdown508 (RP)<普>,,,
FoxHD,2014,1.25,六,17:00,,地獄廚房Hell's Kitchen1118 (RP)<普>,,,
FoxHD,2014,1.25,六,17:30,,驚險20刻TOP 20 Countdown509 (RP)<普>,,,
FoxHD,2014,1.25,六,18:00,,名偵探柯南Detective Conan 443 (RP)<普>,,,
FoxHD,2014,1.25,六,18:30,,SHINee美好的一天SHINee’s One Fine09 (RP)<普>,,,
FoxHD,2014,1.25,六,19:00,,驚險20刻TOP 20 Countdown401<普>,,,
FoxHD,2014,1.25,六,19:30,,韓國人氣歌謠K-pop Countdown177<普>,,,
FoxHD,2014,1.25,六,20:00,,地獄廚房Hell's Kitchen1119<普>,,,
FoxHD,2014,1.25,六,21:00,,Running Man123<普>,,,
FoxHD,2014,1.25,六,22:00,,陰屍路The Walking Dead404<護>,,,
FoxHD,2014,1.25,六,23:00,,辛普森家庭THE SIMPSONS 2307 <護>,,,
FoxHD,2014,1.25,六,23:30,,辛普森家庭THE SIMPSONS 2308 <護>,,,
FoxHD,2014,1.26,日,00:00,,斷頭谷Sleepy Hollow104 (RP)<輔>,,,
FoxHD,2014,1.26,日,01:00,,Running Man123 (RP)<普>,,,
FoxHD,2014,1.26,日,01:30,,泡菜粉絲俱樂部Kimchi Fan Club 106 (RP)<普>,,,
FoxHD,2014,1.26,日,02:00,,重返犯罪現場NCIS 10 Strip1014 (RP)<護>,,,
FoxHD,2014,1.26,日,02:30,,泡菜粉絲俱樂部Kimchi Fan Club 106 (RP)<普>,,,
FoxHD,2014,1.26,日,03:00,,SHINee美好的一天SHINee’s One Fine09 (RP)<普>,,,
FoxHD,2014,1.26,日,04:00,,驚險20刻TOP 20 Countdown509 (RP)<普>,,,
FoxHD,2014,1.26,日,05:00,,普普風Pop Zone<輔>,,,
FoxHD,2014,1.26,日,06:00,,普普風Pop Zone<護>,,,
FoxHD,2014,1.26,日,06:30,,泡菜粉絲俱樂部Kimchi Fan Club 106 (RP)<普>,,,
FoxHD,2014,1.26,日,07:00,,韓國人氣歌謠K-pop Countdown177 (RP)<普>,,,
FoxHD,2014,1.26,日,08:00,,驚險20刻TOP 20 Countdown509 (RP)<普>,,,
FoxHD,2014,1.26,日,09:00,,MUSIC BANK(60分版)175 (RP)<普>,,,
FoxHD,2014,1.26,日,10:00,,辛普森家庭THE SIMPSONS 2307 (RP)<護>,,,
FoxHD,2014,1.26,日,10:30,,辛普森家庭THE SIMPSONS 2308 (RP)<護>,,,
FoxHD,2014,1.26,日,11:00,,重返犯罪現場NCIS 10 Strip1008 (RP)<護>,,,
FoxHD,2014,1.26,日,12:00,,Running Man123 (RP)<普>,,,
FoxHD,2014,1.26,日,13:00,,辛普森家庭THE SIMPSONS 2305 <護>,,,
FoxHD,2014,1.26,日,13:30,,辛普森家庭THE SIMPSONS 2306 <護>,,,
FoxHD,2014,1.26,日,14:00,,辛普森家庭THE SIMPSONS 2307 (RP)<護>,,,
FoxHD,2014,1.26,日,14:30,,辛普森家庭THE SIMPSONS 2308 (RP)<護>,,,
FoxHD,2014,1.26,日,15:00,,韓國人氣歌謠K-pop Countdown177 (RP)<普>,,,
FoxHD,2014,1.26,日,15:30,,酷航K-POP獵星行動Scoot K-Pop Star Hunt308 (RP)<普>,,,
FoxHD,2014,1.26,日,16:00,,驚險20刻TOP 20 Countdown604 (RP)<普>,,,
FoxHD,2014,1.26,日,16:30,,SHINee美好的一天SHINee’s One Fine09 (RP)<普>,,,
FoxHD,2014,1.26,日,17:00,,地獄廚房Hell's Kitchen1118 (RP)<普>,,,
FoxHD,2014,1.26,日,17:30,,赤腳的朋友們Barefooted Friends15<普>,,,
FoxHD,2014,1.26,日,18:00,,名偵探柯南Detective Conan 443 (RP)<普>,,,
FoxHD,2014,1.26,日,18:30,,SHINee美好的一天SHINee’s One Fine09 (RP)<普>,,,
FoxHD,2014,1.26,日,19:00,,Running Man123 (RP)<普>,,,
FoxHD,2014,1.26,日,19:30,,韓國人氣歌謠K-pop Countdown177<普>,,,
FoxHD,2014,1.26,日,20:00,,地獄廚房Hell's Kitchen1119<普>,,,
FoxHD,2014,1.26,日,21:00,,MUSIC BANK(90" Version)175<普>,,,
FoxHD,2014,1.26,日,22:00,,陰屍路The Walking Dead404<護>,,,
FoxHD,2014,1.26,日,22:30,,泡菜粉絲俱樂部Kimchi Fan Club 106 (RP)<普>,,,
FoxHD,2014,1.26,日,23:00,,殺手信徒The Following105 (RP)<輔>,,,
FoxHD,2014,1.26,日,23:30,,辛普森家庭THE SIMPSONS 2308 <護>,,,
FoxHD,2014,1.27,一,00:00,,殺手信徒The Following106 (RP)<輔>,,,
FoxHD,2014,1.27,一,01:00,,斷頭谷Sleepy Hollow104 (RP)<輔>,,,
FoxHD,2014,1.27,一,02:00,,重返犯罪現場NCIS 10 Strip1014 (RP)<護>,,,
FoxHD,2014,1.27,一,03:00,,普普風Pop Zone<輔>,,,
FoxHD,2014,1.27,一,05:00,,殺手信徒The Following105 (RP)<護>,,,
FoxHD,2014,1.27,一,06:00,,殺手信徒The Following106 (RP)<護>,,,
FoxHD,2014,1.27,一,07:00,,陰屍路The Walking Dead404 (RP)<護>,,,
FoxHD,2014,1.27,一,08:00,,驚險20刻TOP 20 Countdown401 (RP)<普>,,,
FoxHD,2014,1.27,一,09:00,,普普風Pop Zone<護>,,,
FoxHD,2014,1.27,一,10:00,,赤腳的朋友們Barefooted Friends15 (RP)<普>,,,
FoxHD,2014,1.27,一,11:30,,泡菜粉絲俱樂部Kimchi Fan Club 106 (RP)<普>,,,
FoxHD,2014,1.27,一,12:00,,驚險20刻TOP 20 Countdown401 (RP)<普>,,,
FoxHD,2014,1.27,一,13:00,,陰屍路The Walking Dead404 (RP)<護>,,,
FoxHD,2014,1.27,一,14:00,,新嗓門New Voices<護>,,,
FoxHD,2014,1.27,一,15:00,,重返犯罪現場NCIS 10 Strip1014 (RP)<護>,,,
FoxHD,2014,1.27,一,16:00,,驚險20刻TOP 20 Countdown401 (RP)<普>,,,
FoxHD,2014,1.27,一,17:00,,地獄廚房Hell's Kitchen1119 (RP)<普>,,,
FoxHD,2014,1.27,一,18:00,,名偵探柯南Detective Conan 444(RP)<普>,,,
FoxHD,2014,1.27,一,18:30,,名偵探柯南Detective Conan 445(RP)<普>,,,
FoxHD,2014,1.27,一,19:00,,驚險20刻TOP 20 Countdown402<普>,,,
FoxHD,2014,1.27,一,20:00,,地獄廚房Hell's Kitchen 1120<普>,,,
FoxHD,2014,1.27,一,21:00,,重返犯罪現場NCIS 10 Strip1015<護>,,,
FoxHD,2014,1.27,一,22:00,,殺手信徒The Following107<護>,,,
FoxHD,2014,1.27,一,23:00,,MUSIC BANK (60分版)175<普>,,,
FoxHD,2014,1.28,二,00:00,,驚險20刻TOP 20 Countdown402 (RP)<普>,,,
FoxHD,2014,1.28,二,01:00,,MUSIC BANK (60分版)175 (RP)<普>,,,
FoxHD,2014,1.28,二,02:00,,重返犯罪現場NCIS 10 Strip1015 (RP)<護>,,,
FoxHD,2014,1.28,二,05:00,,地獄廚房Hell's Kitchen1117 (RP)<普>,,,
FoxHD,2014,1.28,二,06:00,,MUSIC BANK (60分版)175 (RP)<普>,,,
FoxHD,2014,1.28,二,07:00,,殺手信徒The Following107 (RP)<護>,,,
FoxHD,2014,1.28,二,08:00,,驚險20刻TOP 20 Countdown402 (RP)<普>,,,
FoxHD,2014,1.28,二,10:00,,殺手信徒The Following107 (RP)<護>,,,
FoxHD,2014,1.28,二,11:00,,重返犯罪現場NCIS 10 Strip1015 (RP)<護>,,,
FoxHD,2014,1.28,二,12:00,,驚險20刻TOP 20 Countdown402 (RP)<普>,,,
FoxHD,2014,1.28,二,13:00,,殺手信徒The Following107 (RP)<護>,,,
FoxHD,2014,1.28,二,15:00,,重返犯罪現場NCIS 10 Strip1015 (RP)<護>,,,
FoxHD,2014,1.28,二,16:00,,驚險20刻TOP 20 Countdown402 (RP)<普>,,,
FoxHD,2014,1.28,二,17:00,,地獄廚房Hell's Kitchen1120 (RP)<普>,,,
FoxHD,2014,1.28,二,18:00,,名偵探柯南Detective Conan 445(RP)<普>,,,
FoxHD,2014,1.28,二,18:30,,名偵探柯南Detective Conan 446(RP)<普>,,,
FoxHD,2014,1.28,二,19:00,,驚險20刻TOP 20 Countdown403<普>,,,
FoxHD,2014,1.28,二,20:00,,地獄廚房Hell's Kitchen 1121<普>,,,
FoxHD,2014,1.28,二,21:00,,重返犯罪現場NCIS 10 Strip1016<護>,,,
FoxHD,2014,1.28,二,22:00,,殺手信徒The Following108<護>,,,
FoxHD,2014,1.28,二,23:00,,SHINee美好的一天SHINee’s One Fine10<普>,,,
FoxHD,2014,1.29,三,00:00,,驚險20刻TOP 20 Countdown403 (RP)<普>,,,
FoxHD,2014,1.29,三,01:00,,SHINee美好的一天SHINee’s One Fine10 (RP)<普>,,,
FoxHD,2014,1.29,三,02:00,,重返犯罪現場NCIS 10 Strip1016 (RP)<護>,,,
FoxHD,2014,1.29,三,05:00,,地獄廚房Hell's Kitchen1118 (RP)<普>,,,
FoxHD,2014,1.29,三,06:00,,SHINee美好的一天SHINee’s One Fine10 (RP)<普>,,,
FoxHD,2014,1.29,三,07:00,,殺手信徒The Following108 (RP)<護>,,,
FoxHD,2014,1.29,三,08:00,,驚險20刻TOP 20 Countdown403 (RP)<普>,,,
FoxHD,2014,1.29,三,10:00,,殺手信徒The Following108 (RP)<護>,,,
FoxHD,2014,1.29,三,11:00,,重返犯罪現場NCIS 10 Strip1016 (RP)<護>,,,
FoxHD,2014,1.29,三,12:00,,驚險20刻TOP 20 Countdown403 (RP)<普>,,,
FoxHD,2014,1.29,三,13:00,,殺手信徒The Following108 (RP)<護>,,,
FoxHD,2014,1.29,三,15:00,,重返犯罪現場NCIS 10 Strip1016 (RP)<護>,,,
FoxHD,2014,1.29,三,16:00,,驚險20刻TOP 20 Countdown403 (RP)<普>,,,
FoxHD,2014,1.29,三,17:00,,地獄廚房Hell's Kitchen1121 (RP)<普>,,,
FoxHD,2014,1.29,三,18:00,,名偵探柯南Detective Conan 446(RP)<普>,,,
FoxHD,2014,1.29,三,18:30,,名偵探柯南Detective Conan 447(RP)<普>,,,
FoxHD,2014,1.29,三,19:00,,驚險20刻TOP 20 Countdown404<普>,,,
FoxHD,2014,1.29,三,20:00,,地獄廚房Hell's Kitchen 1122<普>,,,
FoxHD,2014,1.29,三,21:00,,重返犯罪現場NCIS 10 Strip1017<護>,,,
FoxHD,2014,1.29,三,22:00,,斷頭谷Sleepy Hollow105<護>,,,
FoxHD,2014,1.29,三,23:00,,韓國人氣歌謠K-pop Countdown177 (RP)<普>,,,
FoxHD,2014,1.30,四,00:00,,驚險20刻TOP 20 Countdown404 (RP)<普>,,,
FoxHD,2014,1.30,四,01:00,,韓國人氣歌謠K-pop Countdown177 (RP)<普>,,,
FoxHD,2014,1.30,四,02:00,,重返犯罪現場NCIS 10 Strip1017 (RP)<護>,,,
FoxHD,2014,1.30,四,05:00,,地獄廚房Hell's Kitchen1119 (RP)<普>,,,
FoxHD,2014,1.30,四,06:00,,韓國人氣歌謠K-pop Countdown177 (RP)<普>,,,
FoxHD,2014,1.30,四,07:00,,斷頭谷Sleepy Hollow105 (RP)<護>,,,
FoxHD,2014,1.30,四,08:00,,驚險20刻TOP 20 Countdown404 (RP)<普>,,,
FoxHD,2014,1.30,四,10:00,,斷頭谷Sleepy Hollow105 (RP)<護>,,,
FoxHD,2014,1.30,四,11:00,,重返犯罪現場NCIS 10 Strip1017 (RP)<護>,,,
FoxHD,2014,1.30,四,12:00,,驚險20刻TOP 20 Countdown404 (RP)<普>,,,
FoxHD,2014,1.30,四,13:00,,斷頭谷Sleepy Hollow105 (RP)<護>,,,
FoxHD,2014,1.30,四,15:00,,重返犯罪現場NCIS 10 Strip1017 (RP)<護>,,,
FoxHD,2014,1.30,四,16:00,,2013 SBS 歌謠大賞2013 SBS Music Festival<普>,,,
FoxHD,2014,1.30,四,17:00,,地獄廚房Hell's Kitchen1121 (RP)<普>,,,
FoxHD,2014,1.30,四,18:00,,名偵探柯南Detective Conan 446(RP)<普>,,,
FoxHD,2014,1.30,四,18:30,,名偵探柯南Detective Conan 447(RP)<普>,,,
FoxHD,2014,1.30,四,19:00,,驚險20刻TOP 20 Countdown404<普>,,,
FoxHD,2014,1.30,四,20:00,,地獄廚房Hell's Kitchen 1122<普>,,,
FoxHD,2014,1.30,四,21:00,,重返犯罪現場NCIS 10 Strip1017<護>,,,
FoxHD,2014,1.30,四,22:00,,陰屍路The Walking Dead405<護>,,,
FoxHD,2014,1.30,四,23:00,,陰屍路The Walking Dead406<護>,,,
FoxHD,2014,1.31,五,00:00,,驚險20刻TOP 20 Countdown401 (RP)<普>,,,
FoxHD,2014,1.31,五,01:00,,泡菜粉絲俱樂部Kimchi Fan Club 106 (RP)<普>,,,
FoxHD,2014,1.31,五,01:30,,泡菜粉絲俱樂部Kimchi Fan Club 107 <普>,,,
FoxHD,2014,1.31,五,02:00,,重返犯罪現場NCIS 10 Strip1018 (RP)<護>,,,
FoxHD,2014,1.31,五,05:00,,地獄廚房Hell's Kitchen1120 (RP)<普>,,,
FoxHD,2014,1.31,五,06:00,,泡菜粉絲俱樂部Kimchi Fan Club 106 (RP)<普>,,,
FoxHD,2014,1.31,五,06:30,,泡菜粉絲俱樂部Kimchi Fan Club 107 (RP)<普>,,,
FoxHD,2014,1.31,五,07:00,,2013 SBS 歌謠大賞2013 SBS Music Festival(RP)<普>,,,
FoxHD,2014,1.31,五,08:00,,驚險20刻TOP 20 Countdown404 (RP)<普>,,,
FoxHD,2014,1.31,五,10:00,,斷頭谷Sleepy Hollow105 (RP)<護>,,,
FoxHD,2014,1.31,五,11:00,,重返犯罪現場NCIS 10 Strip1017 (RP)<護>,,,
FoxHD,2014,1.31,五,12:00,,驚險20刻TOP 20 Countdown404 (RP)<普>,,,
FoxHD,2014,1.31,五,13:00,,神盾局特工 過年不停工Marvel's Agent of Shield101<護>,,,
FoxHD,2014,1.31,五,14:00,,神盾局特工 過年不停工Marvel's Agent of Shield102<護>,,,
FoxHD,2014,1.31,五,15:00,,2013 SBS 歌謠大賞2013 SBS Music Festival(RP)<普>,,,
FoxHD,2014,1.31,五,16:00,,2013 SBS 歌謠大賞2013 SBS Music Festival<普>,,,
FoxHD,2014,1.31,五,17:00,,地獄廚房Hell's Kitchen1121 (RP)<普>,,,
FoxHD,2014,1.31,五,18:00,,名偵探柯南Detective Conan 446(RP)<普>,,,
FoxHD,2014,1.31,五,18:30,,名偵探柯南Detective Conan 447(RP)<普>,,,
FoxHD,2014,1.31,五,19:00,,驚險20刻TOP 20 Countdown404<普>,,,
FoxHD,2014,1.31,五,20:00,,地獄廚房Hell's Kitchen 1122<普>,,,
FoxHD,2014,1.31,五,21:00,,第七屆偶像明星運動會2013 Idol Star Athletics, Futsal and Archery Championships<普>,,,
FoxHD,2014,1.31,五,22:00,,陰屍路The Walking Dead405<護>,,,
FoxHD,2014,1.31,五,23:00,,陰屍路The Walking Dead406<護>,,,
FoxHD,2014,2.1,六,00:00,,陰屍路The Walking Dead405 (RP)<輔>,,,
FoxHD,2014,2.1,六,01:00,,陰屍路The Walking Dead406 (RP)<輔>,,,
FoxHD,2014,2.1,六,01:30,,泡菜粉絲俱樂部Kimchi Fan Club 107 <普>,,,
FoxHD,2014,2.1,六,02:00,,MUSIC BANK(60分版)175 (RP)<普>,,,
FoxHD,2014,2.1,六,03:00,,韓國人氣歌謠K-pop Countdown177 (RP)<普>,,,
FoxHD,2014,2.1,六,04:00,,驚險20刻TOP 20 Countdown510 (RP)<普>,,,
FoxHD,2014,2.1,六,05:00,,普普風Pop Zone<輔>,,,
FoxHD,2014,2.1,六,06:00,,普普風Pop Zone<護>,,,
FoxHD,2014,2.1,六,06:30,,泡菜粉絲俱樂部Kimchi Fan Club 107 (RP)<普>,,,
FoxHD,2014,2.1,六,07:00,,MUSIC BANK(60分版)175 (RP)<普>,,,
FoxHD,2014,2.1,六,08:00,,驚險20刻TOP 20 Countdown510 (RP)<普>,,,
FoxHD,2014,2.1,六,09:00,,韓國人氣歌謠K-pop Countdown177 (RP)<普>,,,
FoxHD,2014,2.1,六,10:00,,辛普森家庭 全家鬧新春THE SIMPSONS CNY Stunt8 eps<護>,,,
FoxHD,2014,2.1,六,11:00,,Running Man 新春歡樂精選Running Man CNY Stunt57<普>,,,
FoxHD,2014,2.1,六,12:00,,驚險20刻TOP 20 Countdown404 (RP)<普>,,,
FoxHD,2014,2.1,六,13:00,,神盾局特工 過年不停工Marvel's Agent of Shield103<護>,,,
FoxHD,2014,2.1,六,14:00,,神盾局特工 過年不停工Marvel's Agent of Shield104<護>,,,
FoxHD,2014,2.1,六,15:00,,驚險20刻 過年無禁忌TOP 20 Countdown CNY Stunt<普>,,,
FoxHD,2014,2.1,六,16:00,,第七屆偶像明星運動會2013 Idol Star Athletics, Futsal and Archery Championships(RP)<普>,,,
FoxHD,2014,2.1,六,17:00,,地獄廚房Hell's Kitchen1121 (RP)<普>,,,
FoxHD,2014,2.1,六,18:00,,名偵探柯南Detective Conan 446(RP)<普>,,,
FoxHD,2014,2.1,六,18:30,,名偵探柯南Detective Conan 447(RP)<普>,,,
FoxHD,2014,2.1,六,19:00,,辛普森家庭THE SIMPSONS 2308 (RP)<護>,,,
FoxHD,2014,2.1,六,19:30,,韓國人氣歌謠K-pop Countdown178<普>,,,
FoxHD,2014,2.1,六,20:00,,地獄廚房Hell's Kitchen 1122<普>,,,
FoxHD,2014,2.1,六,21:00,,Running Man120<普>,,,
FoxHD,2014,2.1,六,22:00,,陰屍路The Walking Dead405<護>,,,
FoxHD,2014,2.1,六,23:00,,辛普森家庭THE SIMPSONS 2309 <護>,,,
FoxHD,2014,2.1,六,23:30,,辛普森家庭THE SIMPSONS 2310 <護>,,,
FoxHD,2014,2.2,日,00:00,,斷頭谷Sleepy Hollow 105 (RP)<輔>,,,
FoxHD,2014,2.2,日,01:00,,Running Man120 (RP)<普>,,,
FoxHD,2014,2.2,日,01:30,,泡菜粉絲俱樂部Kimchi Fan Club 107 <普>,,,
FoxHD,2014,2.2,日,02:00,,MUSIC BANK(60分版)175 (RP)<普>,,,
FoxHD,2014,2.2,日,03:00,,韓國人氣歌謠K-pop Countdown178 (RP)<普>,,,
FoxHD,2014,2.2,日,04:00,,驚險20刻TOP 20 Countdown511 (RP)<普>,,,
FoxHD,2014,2.2,日,05:00,,普普風Pop Zone<輔>,,,
FoxHD,2014,2.2,日,06:00,,普普風Pop Zone<護>,,,
FoxHD,2014,2.2,日,06:30,,泡菜粉絲俱樂部Kimchi Fan Club 107 (RP)<普>,,,
FoxHD,2014,2.2,日,07:00,,韓國人氣歌謠K-pop Countdown178 (RP)<普>,,,
FoxHD,2014,2.2,日,08:00,,驚險20刻TOP 20 Countdown511 (RP)<普>,,,
FoxHD,2014,2.2,日,09:00,,MUSIC BANK(60分版)175 (RP)<普>,,,
FoxHD,2014,2.2,日,10:00,,辛普森家庭 全家鬧新春THE SIMPSONS CNY Stunt8 eps<護>,,,
FoxHD,2014,2.2,日,11:00,,Running Man 新春歡樂精選Running Man CNY Stunt58<普>,,,
FoxHD,2014,2.2,日,12:00,,驚險20刻TOP 20 Countdown404 (RP)<普>,,,
FoxHD,2014,2.2,日,13:00,,神盾局特工 過年不停工Marvel's Agent of Shield105<護>,,,
FoxHD,2014,2.2,日,14:00,,神盾局特工 過年不停工Marvel's Agent of Shield106<護>,,,
FoxHD,2014,2.2,日,15:00,,驚險20刻 過年無禁忌TOP 20 Countdown CNY Stunt<普>,,,
FoxHD,2014,2.2,日,16:00,,Running Man 新春歡樂精選Running Man CNY Stunt68<普>,,,
FoxHD,2014,2.2,日,17:00,,地獄廚房Hell's Kitchen1121 (RP)<普>,,,
FoxHD,2014,2.2,日,18:00,,iTunes流行音樂季 女神卡卡與凱蒂佩芮2013 iTune Festival-Lady Gaga+Katy Perry<普>,,,
FoxHD,2014,2.2,日,18:30,,名偵探柯南Detective Conan 447(RP)<普>,,,
FoxHD,2014,2.2,日,19:00,,Running Man120 (RP)<普>,,,
FoxHD,2014,2.2,日,19:30,,韓國人氣歌謠K-pop Countdown178<普>,,,
FoxHD,2014,2.2,日,20:00,,地獄廚房Hell's Kitchen 1122<普>,,,
FoxHD,2014,2.2,日,21:00,,MUSIC BANK176 (90分版)<普>,,,
FoxHD,2014,2.2,日,22:00,,陰屍路The Walking Dead405<護>,,,
FoxHD,2014,2.2,日,22:30,,泡菜粉絲俱樂部Kimchi Fan Club 107 (RP)<普>,,,
FoxHD,2014,2.2,日,23:00,,殺手信徒The Following107 (RP)<輔>,,,
FoxHD,2014,2.2,日,23:30,,辛普森家庭THE SIMPSONS 2310 <護>,,,
FoxHD,2014,2.3,一,00:00,,殺手信徒The Following108 (RP)<輔>,,,
FoxHD,2014,2.3,一,01:00,,斷頭谷Sleepy Hollow105 (RP)<輔>,,,
FoxHD,2014,2.3,一,02:00,,泡菜粉絲俱樂部Kimchi Fan Club 107 (RP)<普>,,,
FoxHD,2014,2.3,一,02:30,,2013 iTune Festival-Lady Gaga+Katy Perry<普>,,,
FoxHD,2014,2.3,一,03:30,,普普風Pop Zone,,,
FoxHD,2014,2.3,一,05:00,,殺手信徒The Following107 (RP)<護>,,,
FoxHD,2014,2.3,一,06:00,,殺手信徒The Following108 (RP)<護>,,,
FoxHD,2014,2.3,一,07:00,,陰屍路The Walking Dead405 (RP)<護>,,,
FoxHD,2014,2.3,一,08:00,,驚險20刻TOP 20 Countdown512 (RP)<普>,,,
FoxHD,2014,2.3,一,09:00,,普普風Pop Zone<護>,,,
FoxHD,2014,2.3,一,10:00,,辛普森家庭 全家鬧新春THE SIMPSONS CNY Stunt8 eps<護>,,,
FoxHD,2014,2.3,一,11:00,,Running Man 新春歡樂精選Running Man CNY Stunt68<普>,,,
FoxHD,2014,2.3,一,13:00,,神盾局特工 過年不停工Marvel's Agent of Shield107<護>,,,
FoxHD,2014,2.3,一,14:00,,神盾局特工 過年不停工Marvel's Agent of Shield108<護>,,,
FoxHD,2014,2.3,一,15:00,,驚險20刻 過年無禁忌TOP 20 Countdown CNY Stunt<普>,,,
FoxHD,2014,2.3,一,16:00,,Music Bank 2013年終特輯(上)174(RP)<普>,,,
FoxHD,2014,2.3,一,17:00,,Running Man 新春歡樂精選Running Man CNY Stunt91<普>,,,
FoxHD,2014,2.3,一,19:00,,第七屆偶像明星運動會2013 Idol Star Athletics, Futsal and Archery Championships(RP)<普>,,,
FoxHD,2014,2.3,一,22:00,,斷頭谷 新春馬拉松Sleepy Hollow Marathon101<護>,,,
FoxHD,2014,2.3,一,23:00,,斷頭谷 新春馬拉松Sleepy Hollow Marathon102<護>,,,
FoxHD,2014,2.4,二,00:00,,驚險20刻TOP 20 Countdown403 (RP)<普>,,,
FoxHD,2014,2.4,二,01:00,,韓國人氣歌謠K-pop Countdown178 (RP)<普>,,,
FoxHD,2014,2.4,二,02:00,,驚險20刻TOP 20 CountdownSpecial Stunt4 EP (RP)<普>,,,
FoxHD,2014,2.4,二,06:00,,Music Bank伊斯坦堡盛典(RP)<普>,,,
FoxHD,2014,2.4,二,08:00,,驚險20刻TOP 20 Countdown513 (RP)<普>,,,
FoxHD,2014,2.4,二,11:00,,Running Man 新春歡樂精選Running Man CNY Stunt91<普>,,,
FoxHD,2014,2.4,二,13:00,,神盾局特工 過年不停工Marvel's Agent of Shield109<護>,,,
FoxHD,2014,2.4,二,14:00,,神盾局特工 過年不停工Marvel's Agent of Shield110<護>,,,
FoxHD,2014,2.4,二,16:00,,Music Bank 2013年終特輯(下)174(RP)<普>,,,
FoxHD,2014,2.4,二,17:00,,Running Man 新春歡樂精選Running Man CNY Stunt93<普>,,,
FoxHD,2014,2.4,二,19:00,,2013 SBS歌謠大賞3小時版2013 SBS Music Festival 3-hour Version<普>,,,
FoxHD,2014,2.4,二,22:00,,斷頭谷 新春馬拉松Sleepy Hollow Marathon104<護>,,,
FoxHD,2014,2.4,二,23:00,,斷頭谷 新春馬拉松Sleepy Hollow Marathon105<護>,,,
FoxHD,2014,2.5,三,00:00,,辛普森家庭 新春精選THE SIMPSONS CNY Stunt6 EP (RP)<護>,,,
FoxHD,2014,2.5,三,01:00,,韓國人氣歌謠K-pop Countdown178 (RP)<普>,,,
FoxHD,2014,2.5,三,02:00,,驚險20刻TOP 20 CountdownSpecial Stunt4 EP (RP)<普>,,,
FoxHD,2014,2.5,三,03:00,,Music Bank伊斯坦堡盛典(RP)<普>,,,
FoxHD,2014,2.5,三,05:00,,地獄廚房Hell's Kitchen1120 (RP)<普>,,,
FoxHD,2014,2.5,三,06:00,,一週偶像來報到Weekly Idol01 (RP)<普>,,,
FoxHD,2014,2.5,三,07:00,,殺手信徒The Following107 (RP)<護>,,,
FoxHD,2014,2.5,三,08:00,,驚險20刻TOP 20 Countdown404 (RP)<普>,,,
FoxHD,2014,2.5,三,10:00,,殺手信徒The Following108 (RP)<護>,,,
FoxHD,2014,2.5,三,11:00,,重返犯罪現場NCIS 10 Strip1017 (RP)<護>,,,
FoxHD,2014,2.5,三,12:00,,驚險20刻TOP 20 Countdown404 (RP)<普>,,,
FoxHD,2014,2.5,三,13:00,,殺手信徒The Following108 (RP)<護>,,,
FoxHD,2014,2.5,三,14:00,,新嗓門New Voices<護>,,,
FoxHD,2014,2.5,三,15:00,,重返犯罪現場NCIS 10 Strip1017 (RP)<護>,,,
FoxHD,2014,2.5,三,16:00,,驚險20刻TOP 20 Countdown404 (RP)<普>,,,
FoxHD,2014,2.5,三,17:00,,地獄廚房Hell's Kitchen1122 (RP)<普>,,,
FoxHD,2014,2.5,三,18:00,,名偵探柯南Detective Conan 447(RP)<普>,,,
FoxHD,2014,2.5,三,18:30,,名偵探柯南Detective Conan 448(RP)<普>,,,
FoxHD,2014,2.5,三,19:00,,驚險20刻TOP 20 Countdown405<普>,,,
FoxHD,2014,2.5,三,20:00,,地獄廚房特選Hell's Kitchen Stunt1 <普>,,,
FoxHD,2014,2.5,三,21:00,,重返犯罪現場NCIS 10 Strip1018<護>,,,
FoxHD,2014,2.5,三,22:00,,斷頭谷Sleepy Hollow106<護>,,,
FoxHD,2014,2.5,三,23:00,,泡菜粉絲俱樂部Kimchi Fan Club 104 (RP)<普>,,,
FoxHD,2014,2.5,三,23:30,,泡菜粉絲俱樂部Kimchi Fan Club 105 (RP)<普>,,,
FoxHD,2014,2.6,四,00:00,,驚險20刻TOP 20 Countdown405 (RP)<普>,,,
FoxHD,2014,2.6,四,01:00,,一週偶像來報到Weekly Idol02 (RP)<普>,,,
FoxHD,2014,2.6,四,02:00,,重返犯罪現場NCIS 10 Strip1018 (RP)<護>,,,
FoxHD,2014,2.6,四,03:00,,普普風Pop Zone<輔>,,,
FoxHD,2014,2.6,四,05:00,,地獄廚房Hell's Kitchen1121 (RP)<普>,,,
FoxHD,2014,2.6,四,06:00,,一週偶像來報到Weekly Idol02 (RP)<普>,,,
FoxHD,2014,2.6,四,07:00,,斷頭谷Sleepy Hollow 105 (RP)<護>,,,
FoxHD,2014,2.6,四,08:00,,驚險20刻TOP 20 Countdown405 (RP)<普>,,,
FoxHD,2014,2.6,四,10:00,,斷頭谷Sleepy Hollow105 (RP)<護>,,,
FoxHD,2014,2.6,四,11:00,,重返犯罪現場NCIS 10 Strip1018 (RP)<護>,,,
FoxHD,2014,2.6,四,12:00,,驚險20刻TOP 20 Countdown405 (RP)<普>,,,
FoxHD,2014,2.6,四,13:00,,斷頭谷Sleepy Hollow105 (RP)<護>,,,
FoxHD,2014,2.6,四,14:00,,新嗓門New Voices<護>,,,
FoxHD,2014,2.6,四,15:00,,重返犯罪現場NCIS 10 Strip1018 (RP)<護>,,,
FoxHD,2014,2.6,四,16:00,,驚險20刻TOP 20 Countdown405 (RP)<普>,,,
FoxHD,2014,2.6,四,17:00,,地獄廚房特選Hell's Kitchen Stunt1 (RP)<普>,,,
FoxHD,2014,2.6,四,18:00,,名偵探柯南Detective Conan 448(RP)<普>,,,
FoxHD,2014,2.6,四,18:30,,名偵探柯南Detective Conan 449(RP)<普>,,,
FoxHD,2014,2.6,四,19:00,,驚險20刻TOP 20 Countdown406<普>,,,
FoxHD,2014,2.6,四,20:00,,地獄廚房特選Hell's Kitchen Stunt2 <普>,,,
FoxHD,2014,2.6,四,21:00,,重返犯罪現場NCIS 10 Strip1019<護>,,,
FoxHD,2014,2.6,四,22:00,,陰屍路The Walking Dead407<護>,,,
FoxHD,2014,2.6,四,23:00,,陰屍路The Walking Dead408<護>,,,
FoxHD,2014,2.6,四,23:30,,泡菜粉絲俱樂部Kimchi Fan Club 105 (RP)<普>,,,
FoxHD,2014,2.7,五,00:00,,驚險20刻TOP 20 Countdown406 (RP)<普>,,,
FoxHD,2014,2.7,五,01:00,,一週偶像來報到Weekly Idol03 (RP)<普>,,,
FoxHD,2014,2.7,五,02:00,,重返犯罪現場NCIS 10 Strip1019 (RP)<護>,,,
FoxHD,2014,2.7,五,03:00,,普普風Pop Zone<輔>,,,
FoxHD,2014,2.7,五,05:00,,地獄廚房Hell's Kitchen1122 (RP)<普>,,,
FoxHD,2014,2.7,五,06:00,,一週偶像來報到Weekly Idol03 (RP)<普>,,,
FoxHD,2014,2.7,五,07:00,,陰屍路The Walking Dead407 (RP)<護>,,,
FoxHD,2014,2.7,五,08:00,,驚險20刻TOP 20 Countdown406 (RP)<普>,,,
FoxHD,2014,2.7,五,10:00,,陰屍路The Walking Dead408 (RP)<護>,,,
FoxHD,2014,2.7,五,11:00,,重返犯罪現場NCIS 10 Strip1019 (RP)<護>,,,
FoxHD,2014,2.7,五,12:00,,驚險20刻TOP 20 Countdown406 (RP)<普>,,,
FoxHD,2014,2.7,五,13:00,,辛普森家庭THE SIMPSONS 2309 <護>,,,
FoxHD,2014,2.7,五,13:30,,辛普森家庭THE SIMPSONS 2310 <護>,,,
FoxHD,2014,2.7,五,14:00,,新嗓門New Voices<護>,,,
FoxHD,2014,2.7,五,15:00,,重返犯罪現場NCIS 10 Strip1019 (RP)<護>,,,
FoxHD,2014,2.7,五,16:00,,驚險20刻TOP 20 Countdown406 (RP)<普>,,,
FoxHD,2014,2.7,五,17:00,,地獄廚房特選Hell's Kitchen Stunt2 (RP)<普>,,,
FoxHD,2014,2.7,五,18:00,,名偵探柯南Detective Conan 449(RP)<普>,,,
FoxHD,2014,2.7,五,18:30,,名偵探柯南Detective Conan 450(RP)<普>,,,
FoxHD,2014,2.7,五,19:00,,驚險20刻TOP 20 Countdown407<普>,,,
FoxHD,2014,2.7,五,20:00,,地獄廚房特選Hell's Kitchen Stunt3 <普>,,,
FoxHD,2014,2.7,五,21:00,,Running Man120 (RP)<普>,,,
FoxHD,2014,2.7,五,22:00,,陰屍路The Walking Dead407<護>,,,
FoxHD,2014,2.7,五,23:00,,斷頭谷Sleepy Hollow105 (RP)<輔>,,,
FoxHD,2014,2.7,五,23:30,,泡菜粉絲俱樂部Kimchi Fan Club 105 (RP)<普>,,,
FoxHD,2014,2.8,六,00:00,,陰屍路The Walking Dead407 (RP)<輔>,,,
FoxHD,2014,2.8,六,01:00,,陰屍路The Walking Dead 408 (RP)<輔>,,,
FoxHD,2014,2.8,六,02:00,,MUSIC BANK(60分版)177 (RP)<普>,,,
FoxHD,2014,2.8,六,03:00,,韓國人氣歌謠K-pop Countdown178 (RP)<普>,,,
FoxHD,2014,2.8,六,04:00,,驚險20刻TOP 20 Countdown512 (RP)<普>,,,
FoxHD,2014,2.8,六,05:00,,普普風Pop Zone<輔>,,,
FoxHD,2014,2.8,六,06:00,,普普風Pop Zone<護>,,,
FoxHD,2014,2.8,六,07:00,,MUSIC BANK(60分版)177 (RP)<普>,,,
FoxHD,2014,2.8,六,08:00,,驚險20刻TOP 20 Countdown512 (RP)<普>,,,
FoxHD,2014,2.8,六,09:00,,韓國人氣歌謠K-pop Countdown178 (RP)<普>,,,
FoxHD,2014,2.8,六,10:00,,辛普森家庭THE SIMPSONS 2309 (RP)<護>,,,
FoxHD,2014,2.8,六,10:30,,辛普森家庭THE SIMPSONS 2310 (RP)<護>,,,
FoxHD,2014,2.8,六,11:00,,重返犯罪現場NCIS 10 Strip1009 (RP)<護>,,,
FoxHD,2014,2.8,六,12:00,,Running Man120 (RP)<普>,,,
FoxHD,2014,2.8,六,13:00,,辛普森家庭THE SIMPSONS 2309 <護>,,,
FoxHD,2014,2.8,六,13:30,,辛普森家庭THE SIMPSONS 2310 <護>,,,
FoxHD,2014,2.8,六,14:00,,MUSIC BANK(90分版)177 (RP)<普>,,,
FoxHD,2014,2.8,六,15:00,,重返犯罪現場NCIS 10 Strip1019 (RP)<護>,,,
FoxHD,2014,2.8,六,15:30,,一週偶像來報到Weekly Idol02 (RP)<普>,,,
FoxHD,2014,2.8,六,16:00,,驚險20刻TOP 20 Countdown406 (RP)<普>,,,
FoxHD,2014,2.8,六,16:30,,驚險20刻TOP 20 Countdown512 (RP)<普>,,,
FoxHD,2014,2.8,六,17:00,,地獄廚房特選Hell's Kitchen Stunt2 (RP)<普>,,,
FoxHD,2014,2.8,六,17:30,,驚險20刻TOP 20 Countdown513 (RP)<普>,,,
FoxHD,2014,2.8,六,18:00,,名偵探柯南Detective Conan 449(RP)<普>,,,
FoxHD,2014,2.8,六,18:30,,辛普森家庭THE SIMPSONS 2309 <護>,,,
FoxHD,2014,2.8,六,19:00,,辛普森家庭THE SIMPSONS 2310 <護>,,,
FoxHD,2014,2.8,六,19:30,,韓國人氣歌謠K-pop Countdown179<普>,,,
FoxHD,2014,2.8,六,20:00,,地獄廚房特選Hell's Kitchen Stunt3 <普>,,,
FoxHD,2014,2.8,六,21:00,,Running Man124<普>,,,
FoxHD,2014,2.8,六,22:00,,陰屍路The Walking Dead407<護>,,,
FoxHD,2014,2.8,六,23:00,,辛普森家庭THE SIMPSONS 2311 <護>,,,
FoxHD,2014,2.8,六,23:30,,辛普森家庭THE SIMPSONS 2312 <護>,,,
FoxHD,2014,2.9,日,00:00,,斷頭谷Sleepy Hollow 106 (RP)<輔>,,,
FoxHD,2014,2.9,日,01:00,,Running Man124 (RP)<普>,,,
FoxHD,2014,2.9,日,02:00,,MUSIC BANK(60分版)177 (RP)<普>,,,
FoxHD,2014,2.9,日,03:00,,韓國人氣歌謠K-pop Countdown179 (RP)<普>,,,
FoxHD,2014,2.9,日,04:00,,驚險20刻TOP 20 Countdown513 (RP)<普>,,,
FoxHD,2014,2.9,日,05:00,,普普風Pop Zone<輔>,,,
FoxHD,2014,2.9,日,06:00,,普普風Pop Zone<護>,,,
FoxHD,2014,2.9,日,07:00,,韓國人氣歌謠K-pop Countdown179 (RP)<普>,,,
FoxHD,2014,2.9,日,08:00,,驚險20刻TOP 20 Countdown513 (RP)<普>,,,
FoxHD,2014,2.9,日,09:00,,MUSIC BANK(60分版)177 (RP)<普>,,,
FoxHD,2014,2.9,日,10:00,,辛普森家庭THE SIMPSONS 2311 (RP)<護>,,,
FoxHD,2014,2.9,日,10:30,,辛普森家庭THE SIMPSONS 2312 (RP)<護>,,,
FoxHD,2014,2.9,日,11:00,,重返犯罪現場NCIS 10 Strip1010 (RP)<護>,,,
FoxHD,2014,2.9,日,12:00,,Running Man124 (RP)<普>,,,
FoxHD,2014,2.9,日,13:00,,辛普森家庭THE SIMPSONS 2309 <護>,,,
FoxHD,2014,2.9,日,13:30,,辛普森家庭THE SIMPSONS 2310 <護>,,,
FoxHD,2014,2.9,日,14:00,,辛普森家庭THE SIMPSONS 2311 (RP)<護>,,,
FoxHD,2014,2.9,日,14:30,,辛普森家庭THE SIMPSONS 2312 (RP)<護>,,,
FoxHD,2014,2.9,日,15:00,,韓國人氣歌謠K-pop Countdown179 (RP)<普>,,,
FoxHD,2014,2.9,日,15:30,,一週偶像來報到Weekly Idol02 (RP)<普>,,,
FoxHD,2014,2.9,日,16:00,,驚險20刻TOP 20 Countdown406 (RP)<普>,,,
FoxHD,2014,2.9,日,16:30,,一週偶像來報到Weekly Idol02 (RP)<普>,,,
FoxHD,2014,2.9,日,17:00,,地獄廚房特選Hell's Kitchen Stunt2 (RP)<普>,,,
FoxHD,2014,2.9,日,17:30,,泡菜粉絲俱樂部Kimchi Fan Club 108 <普>,,,
FoxHD,2014,2.9,日,18:00,,驚險20刻TOP 20 Countdown503 (RP)<普>,,,
FoxHD,2014,2.9,日,18:30,,辛普森家庭THE SIMPSONS 2309 <護>,,,
FoxHD,2014,2.9,日,19:00,,Running Man124 (RP)<普>,,,
FoxHD,2014,2.9,日,19:30,,韓國人氣歌謠K-pop Countdown179<普>,,,
FoxHD,2014,2.9,日,20:00,,地獄廚房特選Hell's Kitchen Stunt3 <普>,,,
FoxHD,2014,2.9,日,21:00,,MUSIC BANK(90分版)178<普>,,,
FoxHD,2014,2.9,日,22:00,,陰屍路The Walking Dead407<護>,,,
FoxHD,2014,2.9,日,22:30,,泡菜粉絲俱樂部Kimchi Fan Club 108 (RP)<普>,,,
FoxHD,2014,2.9,日,23:00,,殺手信徒The Following107 (RP)<輔>,,,
FoxHD,2014,2.9,日,23:30,,辛普森家庭THE SIMPSONS 2312 <護>,,,
